row,split
0,train
1,train
2,train
3,train
4,train
5,train
6,train
7,train
8,train
9,test
10,train
11,test
12,train
13,test
14,train
15,train
16,test
17,train
18,test
19,train
20,train
21,train
22,train
23,train
24,test
25,test
26,train
27,train
28,train
29,train
30,train
31,train
32,train
33,train
34,train
35,train
36,train
37,train
38,train
39,train
40,test
41,train
42,train
43,train
44,train
45,train
46,train
47,train
48,train
49,test
50,train
51,train
52,train
53,train
54,train
55,test
56,train
57,train
58,train
59,train
60,test
61,train
62,test
63,train
64,train
65,train
66,train
67,train
68,train
69,train
70,train
71,train
72,train
73,train
74,train
75,train
76,train
77,test
78,train
79,train
80,train
81,train
82,test
83,train
84,train
85,train
86,train
87,train
88,train
89,test
90,train
91,train
92,train
93,train
94,train
95,train
96,train
97,test
98,train
99,train
100,train
101,train
102,train
103,train
104,train
105,test
106,train
107,train
108,train
109,train
110,train
111,train
112,test
113,train
114,train
115,train
116,train
117,test
118,train
119,train
120,train
121,train
122,train
123,train
124,train
125,test
126,test
127,train
128,train
129,train
130,train
131,train
132,train
133,train
134,train
135,train
136,train
137,train
138,test
139,test
140,train
141,test
142,train
143,train
144,train
145,test
146,train
147,train
148,test
149,train
150,train
151,train
152,test
153,test
154,train
155,test
156,train
157,train
158,train
159,test
160,train
161,test
162,test
163,test
164,train
165,train
166,test
167,train
168,train
169,train
170,train
171,train
172,train
173,train
174,test
175,train
176,train
177,train
178,train
179,test
180,train
181,train
182,train
183,train
184,train
185,train
186,train
187,train
188,test
189,train
190,test
191,test
192,train
193,train
194,test
195,train
196,test
197,train
198,test
199,train
200,train
201,train
202,test
203,test
204,train
205,test
206,test
207,test
208,test
209,train
210,train
211,train
212,train
213,train
214,test
215,train
216,test
217,train
218,train
219,train
220,train
221,train
222,train
223,train
224,train
225,train
226,train
227,test
228,train
229,train
230,train
231,train
232,train
233,test
234,train
235,test
236,test
237,test
238,train
239,train
240,train
241,train
242,train
243,test
244,train
245,train
246,train
247,train
248,train
249,train
250,train
251,train
252,train
253,train
254,train
255,train
256,train
257,train
258,train
259,train
260,test
261,train
262,train
263,train
264,train
265,train
266,train
267,train
268,train
269,train
270,train
271,train
272,test
273,test
274,train
275,train
276,train
277,train
278,test
279,test
280,test
281,train
282,train
283,test
284,test
285,train
286,train
287,train
288,train
289,train
290,train
291,test
292,train
293,train
294,train
295,train
296,test
297,train
298,train
299,train
300,train
301,train
302,train
303,test
304,test
305,train
306,train
307,train
308,train
309,train
310,train
311,train
312,train
313,train
314,train
315,train
316,train
317,train
318,train
319,train
320,train
321,train
322,train
323,train
324,train
325,train
326,train
327,train
328,train
329,train
330,train
331,train
332,train
333,train
334,train
335,train
336,train
337,train
338,train
339,train
340,test
341,train
342,test
343,train
344,test
345,train
346,train
347,train
348,train
349,train
350,train
351,train
352,train
353,train
354,test
355,train
356,train
357,train
358,train
359,train
360,test
361,train
362,train
363,train
364,test
365,train
366,test
367,train
368,train
369,train
370,train
371,test
372,train
373,train
374,train
375,train
376,test
377,train
378,train
379,train
380,train
381,train
382,train
383,train
384,train
385,train
386,test
387,train
388,test
389,train
390,train
391,test
392,train
393,test
394,test
395,train
396,train
397,train
398,train
399,train
400,train
401,train
402,train
403,train
404,train
405,train
406,test
407,train
408,test
409,train
410,train
411,train
412,train
413,train
414,test
415,train
416,train
417,train
418,train
419,test
420,train
421,test
422,train
423,train
424,train
425,train
426,train
427,train
428,train
429,train
430,train
431,train
432,train
433,train
434,train
435,train
436,train
437,train
438,test
439,train
440,train
441,train
442,train
443,test
444,test
445,train
446,train
447,train
448,train
449,train
450,train
451,train
452,train
453,test
454,train
455,train
456,train
457,train
458,train
459,train
460,test
461,train
462,train
463,train
464,train
465,train
466,train
467,train
468,train
469,train
470,train
471,train
472,train
473,train
474,train
475,train
476,train
477,train
478,test
479,train
480,train
481,train
482,train
483,train
484,test
485,train
486,train
487,train
488,train
489,train
490,train
491,test
492,test
493,train
494,train
495,test
496,train
497,train
498,train
499,train
500,train
501,train
502,train
503,train
504,train
505,test
506,train
507,test
508,train
509,train
510,train
511,test
512,train
513,train
514,train
515,train
516,train
517,test
518,train
519,train
520,test
521,train
522,train
523,train
524,train
525,test
526,train
527,train
528,test
529,test
530,train
531,train
532,test
533,train
534,train
535,train
536,train
537,train
538,train
539,train
540,train
541,train
542,train
543,test
544,train
545,test
546,train
547,train
548,train
549,test
550,train
551,train
552,train
553,train
554,train
555,train
556,train
557,test
558,train
559,train
560,train
561,train
562,test
563,train
564,train
565,test
566,train
567,train
568,train
569,train
570,train
571,train
572,train
573,train
574,test
575,train
576,test
577,test
578,train
579,train
580,train
581,train
582,train
583,train
584,train
585,test
586,train
587,train
588,train
589,train
590,train
591,train
592,test
593,train
594,train
595,train
596,train
597,train
598,test
599,train
600,train
601,train
602,test
603,train
604,train
605,train
606,train
607,test
608,train
609,train
610,train
611,train
612,train
613,train
614,train
615,train
616,train
617,test
618,train
619,test
620,train
621,train
622,train
623,train
624,test
625,train
626,train
627,train
628,train
629,train
630,train
631,train
632,train
633,test
634,test
635,test
636,train
637,test
638,train
639,train
640,train
641,train
642,train
643,train
644,train
645,train
646,train
647,train
648,train
649,train
650,test
651,test
652,train
653,train
654,train
655,train
656,train
657,train
658,train
659,train
660,train
661,train
662,train
663,train
664,train
665,train
666,test
667,test
668,train
669,train
670,test
671,train
672,train
673,test
674,test
675,train
676,train
677,train
678,test
679,train
680,train
681,train
682,train
683,train
684,train
685,train
686,test
687,test
688,train
689,train
690,train
691,train
692,test
693,train
694,train
695,train
696,train
697,test
698,train
699,test
700,train
701,train
702,train
703,train
704,train
705,test
706,test
707,train
708,train
709,train
710,train
711,train
712,train
713,train
714,train
715,train
716,train
717,train
718,train
719,train
720,train
721,train
722,train
723,train
724,train
725,train
726,train
727,test
728,train
729,train
730,train
731,train
732,train
733,train
734,test
735,train
736,test
737,train
738,train
739,train
740,train
741,train
742,train
743,train
744,train
745,train
746,train
747,train
748,train
749,train
750,train
751,train
752,train
753,train
754,train
755,train
756,train
757,train
758,train
759,train
760,train
761,train
762,train
763,train
764,train
765,train
766,train
767,train
768,train
769,train
770,train
771,train
772,train
773,train
774,train
775,test
776,test
777,test
778,train
779,test
780,train
781,train
782,train
783,train
784,train
785,train
786,test
787,train
788,test
789,test
790,train
791,test
792,train
793,test
794,test
795,train
796,train
797,train
798,train
799,train
800,train
801,train
802,test
803,train
804,train
805,train
806,train
807,train
808,train
809,train
810,train
811,test
812,train
813,test
814,train
815,test
816,train
817,train
818,train
819,train
820,train
821,train
822,train
823,test
824,train
825,test
826,train
827,train
828,train
829,train
830,train
831,test
832,test
833,test
834,train
835,train
836,test
837,train
838,train
839,test
840,train
841,train
842,train
843,train
844,train
845,train
846,train
847,train
848,train
849,train
850,train
851,train
852,train
853,train
854,test
855,test
856,train
857,train
858,train
859,train
860,test
861,train
862,test
863,test
864,test
865,train
866,train
867,train
868,test
869,test
870,train
871,train
872,train
873,train
874,train
875,train
876,train
877,train
878,test
879,train
880,train
881,train
882,train
883,train
884,train
885,test
886,train
887,train
888,train
889,train
890,train
891,test
892,train
893,train
894,train
895,train
896,test
897,train
898,train
899,train
900,train
901,test
902,train
903,test
904,train
905,train
906,train
907,train
908,test
909,train
910,train
911,train
912,train
913,train
914,train
915,train
916,train
917,train
918,train
919,train
920,train
921,train
922,train
923,train
924,train
925,train
926,train
927,train
928,train
929,train
930,train
931,test
932,test
933,train
934,train
935,train
936,train
937,train
938,test
939,train
940,train
941,train
942,train
943,train
944,test
945,train
946,train
947,train
948,train
949,train
950,train
951,train
952,train
953,train
954,train
955,train
956,train
957,train
958,train
959,train
960,test
961,train
962,train
963,train
964,test
965,test
966,train
967,train
968,train
969,train
970,train
971,train
972,train
973,train
974,train
975,train
976,train
977,test
978,train
979,train
980,train
981,test
982,train
983,test
984,train
985,train
986,train
987,train
988,train
989,train
990,train
991,train
992,train
993,train
994,train
995,train
996,test
997,test
998,train
999,train
1000,train
1001,test
1002,train
1003,train
1004,test
1005,train
1006,train
1007,train
1008,test
1009,test
1010,train
1011,train
1012,train
1013,train
1014,train
1015,train
1016,test
1017,train
1018,train
1019,train
1020,train
1021,train
1022,test
1023,test
1024,test
1025,test
1026,train
1027,train
1028,test
1029,train
1030,test
1031,train
1032,train
1033,train
1034,train
1035,train
1036,train
1037,train
1038,train
1039,train
1040,train
1041,train
1042,train
1043,train
1044,train
1045,train
1046,train
1047,train
1048,train
1049,test
1050,train
1051,train
1052,train
1053,train
1054,train
1055,train
1056,train
1057,train
1058,train
1059,train
1060,train
1061,train
1062,train
1063,train
1064,train
1065,train
1066,train
1067,train
1068,train
1069,test
1070,test
1071,test
1072,train
1073,test
1074,train
1075,train
1076,train
1077,train
1078,train
1079,train
1080,train
1081,train
1082,train
1083,test
1084,train
1085,train
1086,train
1087,train
1088,train
1089,train
1090,train
1091,test
1092,test
1093,train
1094,train
1095,train
1096,train
1097,train
1098,train
1099,test
1100,test
1101,train
1102,train
1103,train
1104,train
1105,train
1106,train
1107,train
1108,train
1109,test
1110,train
1111,train
1112,train
1113,test
1114,train
1115,test
1116,test
1117,train
1118,train
1119,train
1120,train
1121,train
1122,train
1123,train
1124,train
1125,train
1126,train
1127,test
1128,train
1129,train
1130,train
1131,test
1132,train
1133,train
1134,train
1135,train
1136,test
1137,train
1138,train
1139,train
1140,train
1141,train
1142,train
1143,test
1144,train
1145,test
1146,train
1147,test
1148,test
1149,train
1150,train
1151,test
1152,test
1153,train
1154,train
1155,train
1156,train
1157,train
1158,train
1159,train
1160,train
1161,test
1162,test
1163,train
1164,train
1165,test
1166,train
1167,train
1168,train
1169,train
1170,train
1171,train
1172,train
1173,train
1174,train
1175,train
1176,test
1177,train
1178,test
1179,train
1180,test
1181,train
1182,test
1183,train
1184,train
1185,train
1186,train
1187,train
1188,test
1189,train
1190,train
1191,train
1192,train
1193,train
1194,train
1195,test
1196,train
1197,train
1198,train
1199,train
1200,train
1201,train
1202,train
1203,train
1204,train
1205,train
1206,train
1207,test
1208,train
1209,train
1210,train
1211,train
1212,train
1213,train
1214,train
1215,train
1216,train
1217,train
1218,test
1219,train
1220,train
1221,train
1222,train
1223,train
1224,train
1225,train
1226,test
1227,train
1228,train
1229,train
1230,test
1231,train
1232,train
1233,train
1234,train
1235,train
1236,train
1237,train
1238,train
1239,train
1240,test
1241,test
1242,train
1243,train
1244,train
1245,train
1246,train
1247,train
1248,train
1249,train
1250,train
1251,test
1252,test
1253,train
1254,train
1255,train
1256,train
1257,train
1258,train
1259,train
1260,test
1261,train
1262,train
1263,train
1264,test
1265,train
1266,train
1267,train
1268,train
1269,train
1270,train
1271,train
1272,train
1273,train
1274,train
1275,train
1276,train
1277,train
1278,train
1279,test
1280,train
1281,train
1282,train
1283,test
1284,train
1285,train
1286,train
1287,train
1288,train
1289,train
1290,train
1291,test
1292,train
1293,train
1294,train
1295,test
1296,train
1297,train
1298,test
1299,train
1300,train
1301,train
1302,train
1303,train
1304,train
1305,test
1306,train
1307,train
1308,test
1309,train
1310,train
1311,train
1312,test
1313,train
1314,train
1315,train
1316,test
1317,train
1318,test
1319,test
1320,train
1321,train
1322,train
1323,train
1324,test
1325,train
1326,train
1327,train
1328,test
1329,train
1330,train
1331,train
1332,train
1333,train
1334,train
1335,train
1336,test
1337,train
1338,train
1339,train
1340,train
1341,train
1342,train
1343,train
1344,train
1345,train
1346,train
1347,train
1348,train
1349,test
1350,train
1351,train
1352,train
1353,test
1354,test
1355,train
1356,train
1357,train
1358,train
1359,train
1360,train
1361,train
1362,train
1363,train
1364,train
1365,test
1366,train
1367,train
1368,train
1369,train
1370,train
1371,train
1372,train
1373,test
1374,train
1375,test
1376,test
1377,train
1378,train
1379,test
1380,train
1381,train
1382,train
1383,train
1384,train
1385,train
1386,train
1387,train
1388,test
1389,train
1390,test
1391,train
1392,test
1393,test
1394,test
1395,train
1396,train
1397,train
1398,train
1399,train
1400,train
1401,test
1402,train
1403,train
1404,train
1405,train
1406,train
1407,train
1408,train
1409,train
1410,train
1411,train
1412,train
1413,train
1414,test
1415,train
1416,test
1417,train
1418,train
1419,train
1420,train
1421,train
1422,test
1423,train
1424,train
1425,train
1426,train
1427,train
1428,train
1429,train
1430,train
1431,train
1432,train
1433,train
1434,train
1435,test
1436,train
1437,test
1438,train
1439,train
1440,train
1441,test
1442,train
1443,train
1444,test
1445,train
1446,train
1447,train
1448,test
1449,train
1450,train
1451,train
1452,train
1453,train
1454,train
1455,train
1456,train
1457,train
1458,train
1459,train
1460,test
1461,train
1462,train
1463,train
1464,train
1465,train
1466,train
1467,train
1468,train
1469,train
1470,train
1471,train
1472,train
1473,test
1474,train
1475,train
1476,train
1477,train
1478,train
1479,train
1480,train
1481,train
1482,train
1483,train
1484,train
1485,train
1486,train
1487,train
1488,train
1489,test
1490,train
1491,train
1492,train
1493,train
1494,test
1495,train
1496,train
1497,train
1498,train
1499,train
1500,train
1501,train
1502,train
1503,train
1504,train
1505,test
1506,train
1507,train
1508,train
1509,train
1510,train
1511,train
1512,train
1513,test
1514,train
1515,train
1516,train
1517,train
1518,train
1519,train
1520,train
1521,train
1522,train
1523,train
1524,train
1525,train
1526,train
1527,train
1528,train
1529,train
1530,test
1531,test
1532,test
1533,train
1534,train
1535,train
1536,train
1537,test
1538,train
1539,test
1540,train
1541,train
1542,test
1543,train
1544,test
1545,train
1546,train
1547,train
1548,train
1549,train
1550,train
1551,test
1552,train
1553,train
1554,train
1555,test
1556,train
1557,train
1558,train
1559,train
1560,train
1561,train
1562,test
1563,train
1564,test
1565,train
1566,train
1567,train
1568,train
1569,test
1570,train
1571,train
1572,train
1573,train
1574,test
1575,train
1576,train
1577,train
1578,train
1579,train
1580,train
1581,test
1582,train
1583,train
1584,train
1585,train
1586,train
1587,train
1588,train
1589,train
1590,train
1591,train
1592,train
1593,train
1594,train
1595,train
1596,test
1597,train
1598,train
1599,train
1600,test
1601,train
1602,train
1603,train
1604,test
1605,train
1606,test
1607,train
1608,train
1609,train
1610,train
1611,train
1612,train
1613,train
1614,train
1615,train
1616,train
1617,train
1618,train
1619,train
1620,train
1621,test
1622,train
1623,test
1624,train
1625,train
1626,train
1627,train
1628,train
1629,train
1630,train
1631,train
1632,train
1633,train
1634,train
1635,test
1636,train
1637,train
1638,test
1639,train
1640,train
1641,test
1642,train
1643,test
1644,test
1645,test
1646,train
1647,train
1648,train
1649,test
1650,train
1651,train
1652,test
1653,test
1654,test
1655,train
1656,train
1657,train
1658,train
1659,train
1660,train
1661,test
1662,test
1663,train
1664,train
1665,train
1666,train
1667,test
1668,train
1669,train
1670,train
1671,train
1672,train
1673,train
1674,train
1675,train
1676,train
1677,test
1678,train
1679,train
1680,train
1681,train
1682,train
1683,test
1684,train
1685,train
1686,train
1687,train
1688,train
1689,test
1690,train
1691,train
1692,test
1693,train
1694,test
1695,test
1696,train
1697,train
1698,test
1699,train
1700,train
1701,test
1702,train
1703,train
1704,train
1705,train
1706,train
1707,train
1708,train
1709,train
1710,train
1711,train
1712,test
1713,train
1714,train
1715,train
1716,train
1717,train
1718,train
1719,train
1720,train
1721,train
1722,train
1723,train
1724,test
1725,train
1726,train
1727,train
1728,train
1729,train
1730,train
1731,train
1732,train
1733,train
1734,train
1735,train
1736,train
1737,train
1738,train
1739,train
1740,test
1741,train
1742,train
1743,test
1744,train
1745,train
1746,train
1747,train
1748,train
1749,test
1750,test
1751,test
1752,train
1753,train
1754,train
1755,train
1756,train
1757,train
1758,test
1759,train
1760,train
1761,train
1762,train
1763,train
1764,train
1765,train
1766,test
1767,train
1768,train
1769,test
1770,train
1771,train
1772,train
1773,test
1774,train
1775,test
1776,train
1777,test
1778,test
1779,test
1780,train
1781,train
1782,train
1783,train
1784,train
1785,train
1786,train
1787,train
1788,test
1789,train
1790,test
1791,train
1792,train
1793,train
1794,test
1795,test
1796,train
1797,train
1798,train
1799,train
1800,train
1801,train
1802,train
1803,train
1804,train
1805,train
1806,train
1807,train
1808,test
1809,train
1810,train
1811,train
1812,train
1813,train
1814,test
1815,train
1816,train
1817,train
1818,test
1819,train
1820,train
1821,train
1822,train
1823,train
1824,train
1825,train
1826,test
1827,train
1828,train
1829,test
1830,train
1831,train
1832,test
1833,train
1834,test
1835,test
1836,train
1837,train
1838,train
1839,train
1840,test
1841,train
1842,train
1843,test
1844,train
1845,test
1846,train
1847,train
1848,train
1849,train
1850,train
1851,train
1852,train
1853,train
1854,train
1855,train
1856,train
1857,train
1858,train
1859,test
1860,train
1861,train
1862,train
1863,train
1864,train
1865,train
1866,test
1867,train
1868,train
1869,test
1870,train
1871,test
1872,test
1873,test
1874,train
1875,train
1876,train
1877,train
1878,train
1879,train
1880,test
1881,train
1882,train
1883,train
1884,train
1885,test
1886,train
1887,train
1888,train
1889,train
1890,test
1891,train
1892,test
1893,train
1894,train
1895,train
1896,train
1897,train
1898,train
1899,train
1900,train
1901,train
1902,train
1903,train
1904,train
1905,train
1906,train
1907,train
1908,train
1909,train
1910,train
1911,train
1912,test
1913,train
1914,train
1915,test
1916,test
1917,train
1918,train
1919,train
1920,test
1921,train
1922,train
1923,test
1924,test
1925,test
1926,train
1927,train
1928,train
1929,train
1930,test
1931,test
1932,train
1933,train
1934,test
1935,train
1936,train
1937,test
1938,train
1939,train
1940,train
1941,train
1942,test
1943,train
1944,train
1945,train
1946,train
1947,test
1948,test
1949,test
1950,test
1951,train
1952,train
1953,test
1954,train
1955,train
1956,test
1957,train
1958,train
1959,train
1960,train
1961,test
1962,train
1963,train
1964,test
1965,train
1966,test
1967,train
1968,train
1969,train
1970,train
1971,train
1972,train
1973,train
1974,train
1975,train
1976,test
1977,train
1978,test
1979,train
1980,train
1981,train
1982,train
1983,train
1984,train
1985,train
1986,train
1987,test
1988,test
1989,train
1990,train
1991,train
1992,test
1993,train
1994,train
1995,train
1996,train
1997,train
1998,test
1999,train
2000,train
2001,train
2002,train
2003,train
2004,test
2005,train
2006,test
2007,train
2008,test
2009,test
2010,train
2011,test
2012,test
2013,train
2014,train
2015,train
2016,test
2017,train
2018,train
2019,train
2020,train
2021,train
2022,train
2023,test
2024,train
2025,test
2026,train
2027,train
2028,train
2029,test
2030,train
2031,train
2032,test
2033,train
2034,train
2035,train
2036,train
2037,train
2038,train
2039,train
2040,train
2041,test
2042,train
2043,train
2044,train
2045,test
2046,train
2047,train
2048,train
2049,train
2050,test
2051,test
2052,train
2053,train
2054,train
2055,train
2056,train
2057,train
2058,train
2059,train
2060,test
2061,train
2062,train
2063,test
2064,train
2065,train
2066,train
2067,test
2068,test
2069,test
2070,train
2071,train
2072,train
2073,train
2074,train
2075,train
2076,train
2077,train
2078,train
2079,train
2080,train
2081,train
2082,train
2083,test
2084,train
2085,train
2086,train
2087,test
2088,train
2089,train
2090,test
2091,train
2092,train
2093,train
2094,train
2095,train
2096,train
2097,train
2098,test
2099,train
2100,train
2101,test
2102,train
2103,train
2104,train
2105,train
2106,train
2107,train
2108,train
2109,train
2110,train
2111,test
2112,test
2113,train
2114,train
2115,test
2116,test
2117,train
2118,train
2119,test
2120,test
2121,train
2122,train
2123,train
2124,test
2125,test
2126,train
2127,train
2128,train
2129,train
2130,train
2131,train
2132,test
2133,train
2134,train
2135,test
2136,train
2137,train
2138,train
2139,test
2140,train
2141,train
2142,train
2143,train
2144,test
2145,train
2146,train
2147,train
2148,train
2149,train
2150,train
2151,train
2152,train
2153,train
2154,train
2155,train
2156,test
2157,train
2158,test
2159,train
2160,train
2161,train
2162,test
2163,train
2164,train
2165,train
2166,train
2167,train
2168,train
2169,train
2170,test
2171,train
2172,train
2173,train
2174,train
2175,train
2176,train
2177,test
2178,test
2179,train
2180,test
2181,train
2182,train
2183,train
2184,train
2185,train
2186,train
2187,train
2188,test
2189,train
2190,train
2191,train
2192,train
2193,train
2194,train
2195,test
2196,train
2197,train
2198,test
2199,train
2200,train
2201,train
2202,train
2203,train
2204,train
2205,train
2206,test
2207,train
2208,train
2209,test
2210,train
2211,test
2212,test
2213,train
2214,test
2215,test
2216,train
2217,test
2218,train
2219,test
2220,train
2221,train
2222,train
2223,test
2224,train
2225,train
2226,test
2227,train
2228,train
2229,train
2230,train
2231,train
2232,train
2233,train
2234,train
2235,train
2236,test
2237,train
2238,test
2239,train
2240,train
2241,train
2242,train
2243,test
2244,train
2245,train
2246,train
2247,train
2248,train
2249,test
2250,train
2251,train
2252,train
2253,train
2254,train
2255,train
2256,train
2257,train
2258,train
2259,test
2260,train
2261,train
2262,test
2263,train
2264,train
2265,train
2266,train
2267,train
2268,train
2269,train
2270,train
2271,train
2272,train
2273,train
2274,train
2275,train
2276,test
2277,train
2278,train
2279,train
2280,test
2281,train
2282,train
2283,train
2284,train
2285,train
2286,train
2287,train
2288,train
2289,train
2290,train
2291,train
2292,train
2293,train
2294,train
2295,train
2296,train
2297,test
2298,train
2299,train
2300,train
2301,test
2302,train
2303,train
2304,test
2305,train
2306,train
2307,train
2308,test
2309,train
2310,train
2311,test
2312,train
2313,train
2314,test
2315,train
2316,train
2317,train
2318,train
2319,train
2320,train
2321,train
2322,train
2323,train
2324,test
2325,train
2326,test
2327,train
2328,train
2329,train
2330,train
2331,train
2332,train
2333,train
2334,train
2335,train
2336,train
2337,train
2338,train
2339,train
2340,train
2341,train
2342,train
2343,train
2344,train
2345,train
2346,test
2347,train
2348,train
2349,test
2350,train
2351,train
2352,train
2353,train
2354,train
2355,test
2356,train
2357,train
2358,train
2359,train
2360,train
2361,train
2362,test
2363,train
2364,train
2365,test
2366,train
2367,train
2368,train
2369,train
2370,train
2371,test
2372,test
2373,train
2374,train
2375,test
2376,train
2377,train
2378,train
2379,train
2380,train
2381,train
2382,train
2383,train
2384,test
2385,train
2386,train
2387,test
2388,test
2389,train
2390,train
2391,train
2392,train
2393,train
2394,train
2395,test
2396,train
2397,train
2398,train
2399,train
2400,train
2401,test
2402,train
2403,test
2404,test
2405,train
2406,train
2407,train
2408,train
2409,train
2410,train
2411,train
2412,train
2413,train
2414,train
2415,test
2416,train
2417,train
2418,train
2419,train
2420,train
2421,train
2422,train
2423,train
2424,train
2425,train
2426,train
2427,train
2428,test
2429,train
2430,train
2431,train
2432,train
2433,train
2434,train
2435,train
2436,train
2437,train
2438,train
2439,train
2440,test
2441,train
2442,train
2443,test
2444,train
2445,test
2446,test
2447,train
2448,test
2449,train
2450,test
2451,train
2452,train
2453,test
2454,train
2455,train
2456,train
2457,test
2458,test
2459,train
2460,train
2461,train
2462,train
2463,test
2464,train
2465,train
2466,train
2467,train
2468,train
2469,train
2470,train
2471,test
2472,train
2473,train
2474,test
2475,train
2476,train
2477,train
2478,train
2479,train
2480,train
2481,test
2482,train
2483,train
2484,train
2485,train
2486,train
2487,train
2488,test
2489,test
2490,train
2491,train
2492,test
2493,train
2494,train
2495,test
2496,train
2497,train
2498,train
2499,test
2500,train
2501,train
2502,test
2503,train
2504,train
2505,train
2506,train
2507,train
2508,train
2509,test
2510,test
2511,test
2512,train
2513,train
2514,test
2515,train
2516,train
2517,train
2518,train
2519,train
2520,train
2521,train
2522,test
2523,train
2524,train
2525,train
2526,train
2527,train
2528,train
2529,train
2530,train
2531,train
2532,train
2533,train
2534,train
2535,train
2536,train
2537,train
2538,train
2539,train
2540,test
2541,train
2542,train
2543,train
2544,test
2545,test
2546,train
2547,train
2548,train
2549,train
2550,train
2551,test
2552,train
2553,train
2554,train
2555,train
2556,test
2557,train
2558,train
2559,train
2560,test
2561,train
2562,train
2563,train
2564,train
2565,train
2566,train
2567,train
2568,train
2569,train
2570,train
2571,train
2572,test
2573,train
2574,train
2575,train
2576,test
2577,train
2578,test
2579,train
2580,train
2581,train
2582,train
2583,train
2584,test
2585,train
2586,train
2587,test
2588,train
2589,test
2590,train
2591,train
2592,train
2593,train
2594,test
2595,train
2596,train
2597,train
2598,train
2599,train
2600,train
2601,train
2602,train
2603,train
2604,train
2605,train
2606,train
2607,train
2608,train
2609,train
2610,train
2611,test
2612,test
2613,train
2614,train
2615,train
2616,train
2617,train
2618,test
2619,train
2620,test
2621,test
2622,train
2623,train
2624,train
2625,train
2626,train
2627,test
2628,train
2629,train
2630,train
2631,test
2632,train
2633,test
2634,train
2635,train
2636,train
2637,train
2638,train
2639,train
2640,train
2641,train
2642,train
2643,train
2644,train
2645,train
2646,train
2647,train
2648,train
2649,train
2650,train
2651,train
2652,train
2653,train
2654,test
2655,train
2656,train
2657,train
2658,train
2659,train
2660,train
2661,train
2662,train
2663,train
2664,test
2665,test
2666,train
2667,test
2668,train
2669,train
2670,train
2671,train
2672,train
2673,train
2674,train
2675,train
2676,train
2677,train
2678,train
2679,train
2680,test
2681,test
2682,test
2683,train
2684,train
2685,train
2686,train
2687,test
2688,train
2689,test
2690,test
2691,train
2692,train
2693,train
2694,train
2695,train
2696,test
2697,train
2698,train
2699,train
2700,train
2701,train
2702,test
2703,train
2704,train
2705,train
2706,train
2707,train
2708,train
2709,train
2710,train
2711,train
2712,train
2713,train
2714,train
2715,train
2716,test
2717,train
2718,test
2719,train
2720,train
2721,train
2722,train
2723,train
2724,train
2725,train
2726,train
2727,train
2728,train
2729,train
2730,train
2731,test
2732,train
2733,train
2734,test
2735,train
2736,train
2737,train
2738,train
2739,train
2740,test
2741,train
2742,test
2743,test
2744,train
2745,train
2746,train
2747,train
2748,train
2749,train
2750,train
2751,train
2752,train
2753,train
2754,train
2755,train
2756,train
2757,train
2758,train
2759,train
2760,train
2761,train
2762,test
2763,train
2764,train
2765,train
2766,train
2767,test
2768,train
2769,test
2770,train
2771,test
2772,train
2773,test
2774,train
2775,train
2776,train
2777,train
2778,train
2779,train
2780,train
2781,test
2782,train
2783,train
2784,train
2785,test
2786,train
2787,test
2788,train
2789,test
2790,train
2791,train
2792,train
2793,train
2794,train
2795,train
2796,train
2797,train
2798,train
2799,train
2800,train
2801,train
2802,train
2803,test
2804,test
2805,train
2806,train
2807,test
2808,train
2809,train
2810,train
2811,test
2812,train
2813,train
2814,train
2815,train
2816,test
2817,train
2818,train
2819,train
2820,train
2821,train
2822,train
2823,train
2824,test
2825,train
2826,train
2827,test
2828,train
2829,train
2830,train
2831,train
2832,test
2833,train
2834,train
2835,test
2836,train
2837,train
2838,train
2839,train
2840,train
2841,test
2842,train
2843,train
2844,train
2845,train
2846,train
2847,train
2848,train
2849,train
2850,train
2851,train
2852,test
2853,train
2854,train
2855,train
2856,test
2857,train
2858,train
2859,train
2860,train
2861,train
2862,train
2863,test
2864,train
2865,train
2866,train
2867,train
2868,test
2869,train
2870,train
2871,train
2872,train
2873,test
2874,train
2875,train
2876,test
2877,train
2878,train
2879,train
2880,train
2881,train
2882,train
2883,train
2884,train
2885,train
2886,train
2887,test
2888,train
2889,train
2890,test
2891,train
2892,train
2893,test
2894,train
2895,test
2896,train
2897,train
2898,train
2899,test
2900,train
2901,train
2902,train
2903,train
2904,train
2905,train
2906,train
2907,train
2908,train
2909,train
2910,train
2911,train
2912,train
2913,train
2914,train
2915,test
2916,train
2917,train
2918,train
2919,test
2920,train
2921,train
2922,train
2923,train
2924,train
2925,train
2926,train
2927,train
2928,train
2929,train
2930,train
2931,train
2932,train
2933,train
2934,train
2935,train
2936,test
2937,test
2938,train
2939,test
2940,train
2941,train
2942,train
2943,train
2944,train
2945,test
2946,train
2947,train
2948,train
2949,train
2950,train
2951,train
2952,train
2953,train
2954,train
2955,train
2956,train
2957,train
2958,train
2959,train
2960,train
2961,train
2962,train
2963,train
2964,train
2965,train
2966,train
2967,train
2968,train
2969,train
2970,train
2971,train
2972,train
2973,train
2974,test
2975,train
2976,test
2977,train
2978,train
2979,train
2980,train
2981,train
2982,train
2983,train
2984,train
2985,train
2986,test
2987,test
2988,train
2989,test
2990,train
2991,train
2992,test
2993,train
2994,test
2995,train
2996,train
2997,test
2998,train
2999,train
3000,test
3001,train
3002,train
3003,train
3004,train
3005,train
3006,train
3007,train
3008,test
3009,train
3010,train
3011,train
3012,train
3013,train
3014,test
3015,train
3016,train
3017,train
3018,train
3019,test
3020,train
3021,train
3022,train
3023,train
3024,train
3025,train
3026,train
3027,train
3028,train
3029,train
3030,test
3031,test
3032,train
3033,train
3034,test
3035,test
3036,train
3037,train
3038,train
3039,train
3040,train
3041,train
3042,train
3043,train
3044,train
3045,train
3046,test
3047,train
3048,train
3049,train
3050,train
3051,train
3052,train
3053,train
3054,test
3055,train
3056,train
3057,train
3058,train
3059,train
3060,train
3061,train
3062,train
3063,train
3064,train
3065,train
3066,test
3067,test
3068,train
3069,train
3070,train
3071,train
3072,train
3073,train
3074,train
3075,train
3076,train
3077,test
3078,test
3079,train
3080,test
3081,train
3082,train
3083,train
3084,train
3085,train
3086,train
3087,train
3088,train
3089,train
3090,train
3091,train
3092,train
3093,test
3094,train
3095,train
3096,train
3097,train
3098,test
3099,train
3100,test
3101,test
3102,train
3103,train
3104,train
3105,train
3106,train
3107,test
3108,train
3109,test
3110,train
3111,train
3112,test
3113,train
3114,train
3115,train
3116,train
3117,train
3118,train
3119,test
3120,train
3121,train
3122,train
3123,train
3124,train
3125,train
3126,train
3127,train
3128,train
3129,train
3130,test
3131,train
3132,train
3133,train
3134,train
3135,test
3136,train
3137,train
3138,test
3139,train
3140,train
3141,train
3142,train
3143,train
3144,train
3145,train
3146,train
3147,train
3148,train
3149,train
3150,train
3151,train
3152,train
3153,train
3154,train
3155,train
3156,train
3157,train
3158,train
3159,train
3160,train
3161,test
3162,train
3163,train
3164,test
3165,train
3166,train
3167,train
3168,test
3169,train
3170,train
3171,train
3172,train
3173,train
3174,train
3175,train
3176,train
3177,train
3178,train
3179,test
3180,train
3181,train
3182,test
3183,test
3184,train
3185,train
3186,train
3187,train
3188,train
3189,test
3190,train
3191,train
3192,train
3193,train
3194,test
3195,test
3196,train
3197,train
3198,test
3199,train
3200,test
3201,train
3202,train
3203,train
3204,train
3205,test
3206,train
3207,test
3208,train
3209,train
3210,train
3211,train
3212,train
3213,test
3214,train
3215,train
3216,train
3217,train
3218,test
3219,train
3220,train
3221,train
3222,train
3223,train
3224,test
3225,train
3226,train
3227,train
3228,train
3229,train
3230,train
3231,train
3232,train
3233,train
3234,train
3235,train
3236,train
3237,train
3238,train
3239,test
3240,train
3241,train
3242,train
3243,test
3244,train
3245,train
3246,train
3247,train
3248,train
3249,train
3250,train
3251,train
3252,test
3253,test
3254,train
3255,train
3256,test
3257,train
3258,train
3259,train
3260,train
3261,train
3262,train
3263,train
3264,test
3265,train
3266,train
3267,train
3268,test
3269,train
3270,train
3271,train
3272,train
3273,train
3274,train
3275,train
3276,train
3277,test
3278,train
3279,train
3280,test
3281,test
3282,train
3283,train
3284,train
3285,train
3286,test
3287,test
3288,train
3289,train
3290,train
3291,train
3292,train
3293,train
3294,test
3295,test
3296,train
3297,train
3298,train
3299,train
3300,train
3301,test
3302,train
3303,train
3304,test
3305,test
3306,test
3307,train
3308,train
3309,train
3310,train
3311,train
3312,train
3313,train
3314,train
3315,train
3316,train
3317,train
3318,train
3319,test
3320,test
3321,train
3322,test
3323,train
3324,train
3325,train
3326,train
3327,train
3328,test
3329,train
3330,train
3331,train
3332,test
3333,train
3334,train
3335,train
3336,train
3337,train
3338,train
3339,test
3340,train
3341,test
3342,train
3343,train
3344,train
3345,train
3346,test
3347,train
3348,train
3349,test
3350,train
3351,train
3352,train
3353,train
3354,test
3355,train
3356,train
3357,train
3358,test
3359,train
3360,train
3361,train
3362,train
3363,train
3364,train
3365,train
3366,train
3367,train
3368,train
3369,train
3370,test
3371,test
3372,train
3373,train
3374,train
3375,train
3376,test
3377,train
3378,train
3379,train
3380,train
3381,train
3382,train
3383,train
3384,test
3385,train
3386,train
3387,train
3388,train
3389,test
3390,train
3391,test
3392,train
3393,train
3394,train
3395,train
3396,test
3397,train
3398,train
3399,train
3400,train
3401,train
3402,test
3403,test
3404,train
3405,train
3406,train
3407,train
3408,train
3409,test
3410,train
3411,train
3412,train
3413,test
3414,train
3415,train
3416,train
3417,train
3418,test
3419,test
3420,test
3421,train
3422,train
3423,train
3424,train
3425,train
3426,train
3427,train
3428,train
3429,train
3430,train
3431,train
3432,train
3433,train
3434,train
3435,train
3436,train
3437,test
3438,train
3439,train
3440,train
3441,train
3442,train
3443,train
3444,train
3445,train
3446,test
3447,train
3448,test
3449,test
3450,train
3451,train
3452,test
3453,train
3454,train
3455,train
3456,train
3457,train
3458,train
3459,test
3460,train
3461,train
3462,train
3463,train
3464,train
3465,test
3466,train
3467,train
3468,train
3469,test
3470,train
3471,train
3472,train
3473,test
3474,train
3475,train
3476,train
3477,train
3478,train
3479,test
3480,train
3481,test
3482,test
3483,train
3484,train
3485,test
3486,train
3487,train
3488,train
3489,train
3490,train
3491,train
3492,train
3493,train
3494,train
3495,train
3496,train
3497,train
3498,train
3499,train
3500,test
3501,train
3502,train
3503,train
3504,train
3505,test
3506,train
3507,train
3508,train
3509,train
3510,train
3511,train
3512,test
3513,train
3514,train
3515,train
3516,train
3517,train
3518,test
3519,test
3520,train
3521,train
3522,train
3523,train
3524,train
3525,train
3526,train
3527,train
3528,train
3529,test
3530,train
3531,train
3532,train
3533,train
3534,train
3535,test
3536,train
3537,train
3538,train
3539,train
3540,train
3541,train
3542,train
3543,train
3544,train
3545,train
3546,train
3547,train
3548,train
3549,train
3550,train
3551,train
3552,train
3553,train
3554,train
3555,train
3556,train
3557,train
3558,train
3559,test
3560,train
3561,train
3562,train
3563,train
3564,train
3565,test
3566,train
3567,train
3568,train
3569,train
3570,train
3571,train
3572,train
3573,train
3574,train
3575,train
3576,train
3577,train
3578,train
3579,train
3580,test
3581,train
3582,test
3583,test
3584,train
3585,test
3586,train
3587,train
3588,train
3589,test
3590,test
3591,train
3592,train
3593,test
3594,train
3595,train
3596,train
3597,train
3598,test
3599,train
3600,train
3601,train
3602,train
3603,train
3604,train
3605,train
3606,train
3607,train
3608,train
3609,train
3610,train
3611,train
3612,train
3613,test
3614,train
3615,train
3616,test
3617,train
3618,train
3619,train
3620,train
3621,train
3622,train
3623,train
3624,train
3625,train
3626,test
3627,train
3628,train
3629,train
3630,test
3631,train
3632,train
3633,train
3634,train
3635,train
3636,test
3637,test
3638,train
3639,train
3640,test
3641,train
3642,train
3643,train
3644,train
3645,train
3646,train
3647,train
3648,train
3649,test
3650,train
3651,train
3652,train
3653,train
3654,train
3655,train
3656,train
3657,test
3658,train
3659,test
3660,test
3661,test
3662,train
3663,train
3664,train
3665,train
3666,test
3667,train
3668,test
3669,train
3670,test
3671,test
3672,test
3673,train
3674,test
3675,train
3676,train
3677,train
3678,test
3679,train
3680,train
3681,train
3682,train
3683,train
3684,test
3685,train
3686,train
3687,train
3688,train
3689,train
3690,train
3691,train
3692,train
3693,test
3694,test
3695,train
3696,train
3697,test
3698,train
3699,train
3700,train
3701,train
3702,train
3703,train
3704,test
3705,train
3706,test
3707,train
3708,train
3709,train
3710,train
3711,train
3712,train
3713,test
3714,train
3715,train
3716,train
3717,test
3718,train
3719,train
3720,train
3721,train
3722,train
3723,train
3724,train
3725,train
3726,test
3727,train
3728,train
3729,test
3730,train
3731,test
3732,train
3733,train
3734,train
3735,train
3736,train
3737,train
3738,train
3739,test
3740,train
3741,train
3742,test
3743,test
3744,train
3745,train
3746,test
3747,train
3748,test
3749,test
3750,train
3751,test
3752,train
3753,test
3754,train
3755,train
3756,train
3757,test
3758,test
3759,train
3760,train
3761,train
3762,test
3763,train
3764,train
3765,train
3766,train
3767,train
3768,train
3769,test
3770,train
3771,train
3772,test
3773,train
3774,test
3775,test
3776,train
3777,train
3778,train
3779,test
3780,train
3781,test
3782,train
3783,train
3784,train
3785,test
3786,train
3787,test
3788,train
3789,train
3790,train
3791,test
3792,train
3793,test
3794,train
3795,test
3796,test
3797,train
3798,train
3799,train
3800,train
3801,train
3802,train
3803,train
3804,train
3805,train
3806,train
3807,train
3808,train
3809,train
3810,train
3811,train
3812,train
3813,train
3814,train
3815,train
3816,train
3817,test
3818,train
3819,train
3820,train
3821,train
3822,train
3823,train
3824,train
3825,train
3826,train
3827,train
3828,test
3829,train
3830,train
3831,train
3832,train
3833,test
3834,train
3835,train
3836,train
3837,train
3838,test
3839,test
3840,train
3841,test
3842,test
3843,test
3844,train
3845,test
3846,train
3847,train
3848,train
3849,test
3850,train
3851,train
3852,train
3853,train
3854,train
3855,test
3856,test
3857,train
3858,train
3859,test
3860,train
3861,test
3862,train
3863,test
3864,train
3865,train
3866,train
3867,train
3868,train
3869,train
3870,train
3871,train
3872,test
3873,train
3874,train
3875,train
3876,train
3877,train
3878,train
3879,train
3880,test
3881,test
3882,train
3883,train
3884,train
3885,test
3886,train
3887,train
3888,train
3889,train
3890,train
3891,train
3892,train
3893,train
3894,test
3895,test
3896,train
3897,test
3898,train
3899,test
3900,train
3901,train
3902,train
3903,train
3904,train
3905,train
3906,train
3907,train
3908,train
3909,train
3910,train
3911,train
3912,train
3913,train
3914,train
3915,train
3916,train
3917,train
3918,train
3919,train
3920,train
3921,train
3922,test
3923,train
3924,train
3925,train
3926,train
3927,train
3928,train
3929,train
3930,train
3931,train
3932,test
3933,test
3934,train
3935,train
3936,train
3937,train
3938,train
3939,test
3940,train
3941,train
3942,train
3943,train
3944,test
3945,train
3946,train
3947,test
3948,train
3949,train
3950,train
3951,train
3952,train
3953,train
3954,train
3955,train
3956,test
3957,train
3958,train
3959,train
3960,train
3961,train
3962,train
3963,train
3964,train
3965,test
3966,train
3967,train
3968,train
3969,train
3970,train
3971,test
3972,train
3973,train
3974,train
3975,train
3976,train
3977,train
3978,train
3979,test
3980,train
3981,train
3982,train
3983,test
3984,train
3985,train
3986,train
3987,test
3988,train
3989,train
3990,train
3991,train
3992,train
3993,train
3994,train
3995,train
3996,test
3997,train
3998,train
3999,test
4000,train
4001,train
4002,train
4003,train
4004,train
4005,test
4006,train
4007,train
4008,train
4009,train
4010,test
4011,train
4012,train
4013,train
4014,train
4015,train
4016,train
4017,train
4018,train
4019,train
4020,train
4021,test
4022,train
4023,train
4024,train
4025,test
4026,train
4027,train
4028,train
4029,train
4030,train
4031,train
4032,train
4033,train
4034,train
4035,train
4036,test
4037,train
4038,test
4039,train
4040,train
4041,train
4042,train
4043,train
4044,train
4045,train
4046,train
4047,train
4048,test
4049,train
4050,train
4051,train
4052,train
4053,test
4054,train
4055,train
4056,test
4057,test
4058,train
4059,test
4060,test
4061,train
4062,train
4063,train
4064,train
4065,test
4066,train
4067,test
4068,train
4069,train
4070,train
4071,train
4072,train
4073,test
4074,train
4075,train
4076,train
4077,train
4078,train
4079,train
4080,train
4081,train
4082,train
4083,train
4084,train
4085,train
4086,train
4087,train
4088,train
4089,train
4090,train
4091,train
4092,train
4093,train
4094,train
4095,train
4096,train
4097,train
4098,train
4099,train
4100,train
4101,train
4102,train
4103,test
4104,train
4105,train
4106,train
4107,train
4108,test
4109,train
4110,train
4111,train
4112,train
4113,train
4114,train
4115,train
4116,train
4117,train
4118,train
4119,test
4120,train
4121,train
4122,test
4123,train
4124,train
4125,train
4126,train
4127,train
4128,test
4129,train
4130,test
4131,train
4132,train
4133,train
4134,train
4135,train
4136,train
4137,train
4138,train
4139,train
4140,train
4141,train
4142,train
4143,train
4144,train
4145,train
4146,train
4147,test
4148,train
4149,test
4150,train
4151,train
4152,train
4153,train
4154,test
4155,train
4156,train
4157,test
4158,train
4159,train
4160,test
4161,train
4162,train
4163,train
4164,train
4165,train
4166,train
4167,train
4168,train
4169,train
4170,train
4171,train
4172,train
4173,test
4174,train
4175,test
4176,train
4177,train
4178,test
4179,train
4180,train
4181,train
4182,test
4183,train
4184,train
4185,train
4186,test
4187,train
4188,train
4189,train
4190,train
4191,train
4192,train
4193,train
4194,train
4195,train
4196,train
4197,train
4198,test
4199,train
4200,test
4201,train
4202,train
4203,train
4204,test
4205,train
4206,train
4207,test
4208,train
4209,train
4210,train
4211,test
4212,train
4213,test
4214,train
4215,train
4216,train
4217,train
4218,train
4219,train
4220,train
4221,train
4222,train
4223,train
4224,train
4225,train
4226,train
4227,train
4228,test
4229,train
4230,train
4231,train
4232,train
4233,train
4234,train
4235,test
4236,train
4237,train
4238,train
4239,test
4240,test
4241,train
4242,train
4243,train
4244,train
4245,train
4246,train
4247,train
4248,test
4249,train
4250,train
4251,train
4252,test
4253,test
4254,test
4255,train
4256,train
4257,train
4258,train
4259,train
4260,train
4261,train
4262,train
4263,train
4264,train
4265,train
4266,train
4267,train
4268,train
4269,train
4270,train
4271,train
4272,test
4273,train
4274,train
4275,train
4276,train
4277,train
4278,train
4279,train
4280,train
4281,train
4282,train
4283,test
4284,train
4285,train
4286,train
4287,train
4288,train
4289,test
4290,train
4291,train
4292,train
4293,train
4294,train
4295,test
4296,train
4297,train
4298,train
4299,train
4300,train
4301,train
4302,train
4303,test
4304,train
4305,train
4306,train
4307,train
4308,train
4309,train
4310,train
4311,train
4312,train
4313,train
4314,train
4315,train
4316,test
4317,train
4318,train
4319,train
4320,train
4321,train
4322,train
4323,test
4324,train
4325,train
4326,train
4327,test
4328,train
4329,train
4330,train
4331,train
4332,train
4333,train
4334,train
4335,train
4336,train
4337,test
4338,train
4339,train
4340,test
4341,train
4342,train
4343,train
4344,train
4345,train
4346,train
4347,test
4348,train
4349,train
4350,train
4351,train
4352,test
4353,train
4354,train
4355,train
4356,test
4357,train
4358,train
4359,train
4360,train
4361,train
4362,train
4363,train
4364,test
4365,train
4366,train
4367,train
4368,train
4369,train
4370,test
4371,train
4372,train
4373,train
4374,train
4375,train
4376,train
4377,train
4378,train
4379,train
4380,train
4381,train
4382,train
4383,train
4384,train
4385,train
4386,test
4387,train
4388,train
4389,train
4390,train
4391,train
4392,train
4393,train
4394,train
4395,train
4396,train
4397,test
4398,test
4399,train
4400,test
4401,test
4402,train
4403,test
4404,train
4405,train
4406,train
4407,train
4408,train
4409,test
4410,test
4411,train
4412,train
4413,train
4414,train
4415,train
4416,train
4417,train
4418,test
4419,train
4420,test
4421,train
4422,train
4423,train
4424,train
4425,train
4426,train
4427,train
4428,train
4429,test
4430,train
4431,train
4432,train
4433,train
4434,train
4435,train
4436,test
4437,train
4438,train
4439,train
4440,train
4441,train
4442,test
4443,train
4444,train
4445,train
4446,test
4447,train
4448,test
4449,train
4450,train
4451,train
4452,train
4453,train
4454,train
4455,train
4456,train
4457,train
4458,train
4459,train
4460,train
4461,train
4462,test
4463,train
4464,train
4465,test
4466,test
4467,train
4468,train
4469,train
4470,test
4471,test
4472,test
4473,train
4474,train
4475,train
4476,train
4477,test
4478,train
4479,train
4480,test
4481,train
4482,train
4483,test
4484,test
4485,train
4486,train
4487,train
4488,train
4489,train
4490,train
4491,test
4492,test
4493,train
4494,train
4495,train
4496,test
4497,train
4498,test
4499,train
4500,train
4501,train
4502,train
4503,train
4504,train
4505,test
4506,train
4507,train
4508,train
4509,train
4510,test
4511,train
4512,train
4513,train
4514,train
4515,train
4516,train
4517,train
4518,train
4519,train
4520,train
4521,test
4522,train
4523,train
4524,train
4525,train
4526,train
4527,train
4528,train
4529,train
4530,train
4531,test
4532,test
4533,test
4534,test
4535,test
4536,train
4537,test
4538,train
4539,test
4540,train
4541,train
4542,train
4543,train
4544,train
4545,train
4546,train
4547,train
4548,train
4549,train
4550,train
4551,train
4552,train
4553,train
4554,train
4555,train
4556,train
4557,test
4558,train
4559,train
4560,train
4561,train
4562,train
4563,test
4564,train
4565,train
4566,train
4567,train
4568,train
4569,train
4570,train
4571,test
4572,train
4573,train
4574,train
4575,train
4576,train
4577,train
4578,test
4579,train
4580,train
4581,train
4582,train
4583,test
4584,test
4585,train
4586,train
4587,train
4588,train
4589,train
4590,train
4591,train
4592,test
4593,train
4594,train
4595,test
4596,test
4597,train
4598,test
4599,train
4600,test
4601,train
4602,train
4603,train
4604,train
4605,train
4606,train
4607,test
4608,train
4609,train
4610,train
4611,test
4612,train
4613,train
4614,train
4615,train
4616,train
4617,train
4618,train
4619,test
4620,test
4621,train
4622,train
4623,train
4624,test
4625,train
4626,train
4627,train
4628,train
4629,train
4630,train
4631,train
4632,test
4633,train
4634,train
4635,train
4636,test
4637,train
4638,train
4639,train
4640,test
4641,train
4642,train
4643,test
4644,train
4645,train
4646,train
4647,train
4648,train
4649,train
4650,train
4651,train
4652,train
4653,test
4654,test
4655,train
4656,train
4657,train
4658,test
4659,test
4660,train
4661,train
4662,train
4663,train
4664,test
4665,train
4666,train
4667,train
4668,train
4669,train
4670,train
4671,test
4672,train
4673,train
4674,train
4675,test
4676,train
4677,train
4678,train
4679,train
4680,test
4681,train
4682,train
4683,train
4684,train
4685,test
4686,train
4687,test
4688,train
4689,train
4690,train
4691,test
4692,train
4693,test
4694,train
4695,test
4696,train
4697,train
4698,train
4699,train
4700,train
4701,test
4702,train
4703,train
4704,train
4705,test
4706,train
4707,train
4708,train
4709,test
4710,train
4711,train
4712,test
4713,test
4714,train
4715,train
4716,test
4717,train
4718,test
4719,train
4720,train
4721,train
4722,train
4723,train
4724,train
4725,train
4726,train
4727,train
4728,train
4729,train
4730,train
4731,train
4732,train
4733,test
4734,train
4735,train
4736,train
4737,train
4738,train
4739,train
4740,test
4741,train
4742,train
4743,train
4744,train
4745,train
4746,test
4747,train
4748,train
4749,train
4750,train
4751,train
4752,train
4753,train
4754,train
4755,train
4756,test
4757,train
4758,train
4759,train
4760,train
4761,train
4762,train
4763,test
4764,train
4765,train
4766,train
4767,train
4768,train
4769,train
4770,train
4771,test
4772,test
4773,test
4774,train
4775,train
4776,train
4777,train
4778,train
4779,test
4780,test
4781,test
4782,train
4783,train
4784,train
4785,train
4786,train
4787,train
4788,train
4789,test
4790,train
4791,train
4792,train
4793,test
4794,train
4795,train
4796,train
4797,train
4798,train
4799,train
4800,train
4801,train
4802,test
4803,train
4804,train
4805,test
4806,test
4807,train
4808,train
4809,train
4810,train
4811,train
4812,train
4813,train
4814,test
4815,train
4816,train
4817,train
4818,train
4819,train
4820,train
4821,test
4822,test
4823,train
4824,train
4825,test
4826,test
4827,train
4828,train
4829,train
4830,train
4831,train
4832,train
4833,train
4834,train
4835,test
4836,train
4837,train
4838,train
4839,train
4840,test
4841,test
4842,train
4843,test
4844,test
4845,train
4846,train
4847,train
4848,train
4849,test
4850,test
4851,test
4852,train
4853,train
4854,test
4855,train
4856,train
4857,train
4858,train
4859,train
4860,train
4861,train
4862,train
4863,train
4864,train
4865,train
4866,test
4867,train
4868,train
4869,train
4870,train
4871,train
4872,train
4873,train
4874,train
4875,train
4876,test
4877,train
4878,train
4879,train
4880,test
4881,train
4882,test
4883,train
4884,train
4885,train
4886,test
4887,train
4888,train
4889,train
4890,train
4891,test
4892,train
4893,train
4894,train
4895,train
4896,train
4897,train
4898,test
4899,test
4900,test
4901,train
4902,test
4903,test
4904,train
4905,train
4906,train
4907,train
4908,train
4909,train
4910,train
4911,train
4912,train
4913,train
4914,train
4915,train
4916,train
4917,train
4918,test
4919,train
4920,test
4921,train
4922,train
4923,train
4924,train
4925,train
4926,train
4927,test
4928,train
4929,train
4930,train
4931,train
4932,train
4933,train
4934,train
4935,train
4936,train
4937,test
4938,train
4939,train
4940,test
4941,train
4942,test
4943,train
4944,train
4945,train
4946,train
4947,train
4948,train
4949,train
4950,train
4951,train
4952,train
4953,train
4954,train
4955,test
4956,train
4957,test
4958,train
4959,train
4960,train
4961,train
4962,test
4963,train
4964,train
4965,train
4966,train
4967,train
4968,train
4969,train
4970,train
4971,train
4972,train
4973,train
4974,train
4975,train
4976,test
4977,train
4978,train
4979,train
4980,train
4981,train
4982,test
4983,train
4984,train
4985,test
4986,train
4987,train
4988,test
4989,test
4990,test
4991,test
4992,train
4993,train
4994,train
4995,train
4996,train
4997,train
4998,train
4999,train
5000,train
5001,test
5002,train
5003,test
5004,train
5005,train
5006,train
5007,train
5008,train
5009,test
5010,train
5011,train
5012,test
5013,train
5014,train
5015,test
5016,train
5017,test
5018,train
5019,train
5020,train
5021,train
5022,test
5023,train
5024,train
5025,train
5026,train
5027,train
5028,train
5029,train
5030,train
5031,train
5032,test
5033,test
5034,train
5035,train
5036,train
5037,train
5038,train
5039,train
5040,train
5041,train
5042,train
5043,test
5044,test
5045,train
5046,train
5047,train
5048,train
5049,train
5050,test
5051,train
5052,train
5053,train
5054,train
5055,train
5056,test
5057,train
5058,train
5059,train
5060,train
5061,train
5062,test
5063,test
5064,train
5065,train
5066,train
5067,train
5068,train
5069,train
5070,train
5071,train
5072,train
5073,train
5074,train
5075,test
5076,train
5077,train
5078,train
5079,train
5080,train
5081,train
5082,test
5083,train
5084,train
5085,test
5086,train
5087,test
5088,train
5089,train
5090,train
5091,train
5092,train
5093,train
5094,train
5095,train
5096,train
5097,test
5098,test
5099,train
5100,test
5101,test
5102,test
5103,train
5104,train
5105,test
5106,train
5107,train
5108,train
5109,train
5110,train
5111,train
5112,train
5113,train
5114,train
5115,train
5116,train
5117,train
5118,train
5119,test
5120,train
5121,test
5122,train
5123,train
5124,test
5125,train
5126,train
5127,train
5128,train
5129,train
5130,test
5131,test
5132,train
5133,train
5134,train
5135,train
5136,train
5137,train
5138,train
5139,test
5140,train
5141,train
5142,train
5143,train
5144,train
5145,train
5146,train
5147,train
5148,test
5149,test
5150,test
5151,test
5152,train
5153,train
5154,train
5155,test
5156,test
5157,train
5158,train
5159,train
5160,train
5161,train
5162,train
5163,train
5164,train
5165,test
5166,train
5167,train
5168,test
5169,train
5170,test
5171,train
5172,test
5173,train
5174,train
5175,train
5176,train
5177,test
5178,test
5179,train
5180,train
5181,train
5182,test
5183,train
5184,train
5185,train
5186,train
5187,test
5188,train
5189,train
5190,train
5191,train
5192,train
5193,train
5194,train
5195,train
5196,train
5197,train
5198,train
5199,train
5200,train
5201,train
5202,train
5203,train
5204,test
5205,train
5206,train
5207,train
5208,train
5209,train
5210,train
5211,train
5212,test
5213,train
5214,train
5215,train
5216,train
5217,train
5218,train
5219,train
5220,train
5221,train
5222,train
5223,test
5224,test
5225,test
5226,train
5227,train
5228,train
5229,train
5230,train
5231,test
5232,train
5233,train
5234,train
5235,test
5236,train
5237,train
5238,train
5239,train
5240,train
5241,train
5242,train
5243,train
5244,train
5245,train
5246,train
5247,train
5248,train
5249,train
5250,train
5251,train
5252,train
5253,train
5254,train
5255,train
5256,train
5257,train
5258,train
5259,train
5260,train
5261,train
5262,train
5263,train
5264,train
5265,train
5266,train
5267,train
5268,train
5269,test
5270,train
5271,train
5272,train
5273,train
5274,train
5275,train
5276,train
5277,train
5278,test
5279,test
5280,train
5281,train
5282,train
5283,test
5284,test
5285,train
5286,test
5287,test
5288,test
5289,test
5290,train
5291,train
5292,train
5293,train
5294,train
5295,test
5296,train
5297,test
5298,train
5299,train
5300,train
5301,train
5302,test
5303,train
5304,test
5305,train
5306,test
5307,train
5308,train
5309,train
5310,train
5311,train
5312,train
5313,train
5314,train
5315,train
5316,train
5317,train
5318,train
5319,train
5320,train
5321,train
5322,test
5323,train
5324,train
5325,train
5326,train
5327,train
5328,train
5329,train
5330,test
5331,train
5332,test
5333,train
5334,test
5335,train
5336,train
5337,train
5338,train
5339,train
5340,train
5341,train
5342,test
5343,train
5344,train
5345,train
5346,test
5347,train
5348,test
5349,train
5350,train
5351,train
5352,train
5353,train
5354,test
5355,train
5356,train
5357,test
5358,test
5359,train
5360,train
5361,train
5362,train
5363,train
5364,train
5365,train
5366,test
5367,test
5368,train
5369,train
5370,train
5371,train
5372,train
5373,train
5374,train
5375,train
5376,train
5377,test
5378,train
5379,train
5380,train
5381,test
5382,train
5383,train
5384,train
5385,train
5386,train
5387,train
5388,train
5389,test
5390,train
5391,train
5392,test
5393,train
5394,test
5395,train
5396,train
5397,train
5398,train
5399,train
5400,train
5401,train
5402,test
5403,train
5404,train
5405,train
5406,train
5407,train
5408,train
5409,train
5410,train
5411,train
5412,train
5413,test
5414,train
5415,train
5416,train
5417,test
5418,train
5419,train
5420,test
5421,test
5422,train
5423,train
5424,train
5425,train
5426,train
5427,train
5428,train
5429,train
5430,train
5431,train
5432,train
5433,train
5434,test
5435,train
5436,train
5437,test
5438,train
5439,train
5440,train
5441,train
5442,train
5443,train
5444,train
5445,train
5446,train
5447,train
5448,train
5449,train
5450,train
5451,train
5452,train
5453,train
5454,train
5455,test
5456,train
5457,test
5458,train
5459,train
5460,train
5461,train
5462,test
5463,train
5464,train
5465,train
5466,train
5467,train
5468,train
5469,train
5470,test
5471,train
5472,train
5473,train
5474,train
5475,train
5476,test
5477,train
5478,train
5479,test
5480,test
5481,train
5482,test
5483,train
5484,train
5485,train
5486,test
5487,train
5488,train
5489,test
5490,test
5491,train
5492,test
5493,train
5494,train
5495,test
5496,train
5497,test
5498,test
5499,train
5500,train
5501,train
5502,train
5503,train
5504,train
5505,train
5506,train
5507,train
5508,train
5509,train
5510,test
5511,train
5512,train
5513,train
5514,train
5515,train
5516,test
5517,train
5518,train
5519,train
5520,train
5521,train
5522,test
5523,test
5524,train
5525,train
5526,train
5527,train
5528,train
5529,test
5530,train
5531,train
5532,test
5533,test
5534,train
5535,test
5536,train
5537,test
5538,train
5539,train
5540,train
5541,train
5542,test
5543,train
5544,train
5545,test
5546,train
5547,train
5548,train
5549,train
5550,train
5551,train
5552,train
5553,train
5554,train
5555,train
5556,train
5557,test
5558,train
5559,train
5560,train
5561,train
5562,train
5563,train
5564,train
5565,train
5566,train
5567,test
5568,train
5569,train
5570,train
5571,train
5572,train
5573,train
5574,train
5575,train
5576,train
5577,test
5578,train
5579,train
5580,train
5581,train
5582,train
5583,train
5584,test
5585,train
5586,train
5587,test
5588,train
5589,train
5590,test
5591,train
5592,train
5593,train
5594,test
5595,train
5596,train
5597,train
5598,train
5599,train
5600,train
5601,train
5602,train
5603,train
5604,train
5605,train
5606,train
5607,train
5608,test
5609,train
5610,train
5611,train
5612,train
5613,test
5614,train
5615,train
5616,train
5617,train
5618,test
5619,train
5620,test
5621,train
5622,train
5623,test
5624,train
5625,train
5626,train
5627,train
5628,train
5629,train
5630,train
5631,train
5632,train
5633,train
5634,test
5635,train
5636,train
5637,test
5638,train
5639,test
5640,train
5641,test
5642,train
5643,train
5644,train
5645,train
5646,train
5647,train
5648,train
5649,test
5650,train
5651,train
5652,train
5653,train
5654,train
5655,train
5656,train
5657,train
5658,train
5659,train
5660,train
5661,train
5662,train
5663,train
5664,train
5665,train
5666,train
5667,train
5668,test
5669,train
5670,train
5671,test
5672,train
5673,test
5674,train
5675,test
5676,train
5677,train
5678,train
5679,train
5680,train
5681,train
5682,test
5683,test
5684,train
5685,train
5686,test
5687,train
5688,train
5689,train
5690,train
5691,train
5692,train
5693,test
5694,test
5695,train
5696,train
5697,train
5698,train
5699,train
5700,train
5701,train
5702,train
5703,train
5704,test
5705,test
5706,train
5707,train
5708,train
5709,train
5710,test
5711,train
5712,train
5713,train
5714,train
5715,train
5716,train
5717,test
5718,train
5719,train
5720,train
5721,train
5722,train
5723,train
5724,test
5725,train
5726,train
5727,train
5728,test
5729,train
5730,train
5731,train
5732,train
5733,train
5734,test
5735,test
5736,train
5737,train
5738,train
5739,test
5740,train
5741,train
5742,test
5743,test
5744,train
5745,train
5746,train
5747,train
5748,test
5749,train
5750,train
5751,train
5752,train
5753,test
5754,train
5755,train
5756,train
5757,train
5758,train
5759,train
5760,train
5761,train
5762,test
5763,train
5764,train
5765,train
5766,train
5767,train
5768,train
5769,train
5770,train
5771,test
5772,train
5773,test
5774,train
5775,test
5776,train
5777,train
5778,train
5779,train
5780,train
5781,train
5782,train
5783,train
5784,train
5785,train
5786,train
5787,test
5788,train
5789,train
5790,train
5791,train
5792,train
5793,test
5794,test
5795,train
5796,train
5797,train
5798,train
5799,test
5800,train
5801,test
5802,train
5803,test
5804,test
5805,train
5806,test
5807,train
5808,test
5809,train
5810,train
5811,train
5812,train
5813,train
5814,train
5815,train
5816,train
5817,train
5818,train
5819,train
5820,train
5821,test
5822,train
5823,test
5824,train
5825,test
5826,train
5827,train
5828,test
5829,train
5830,train
5831,test
5832,train
5833,train
5834,train
5835,train
5836,train
5837,test
5838,train
5839,train
5840,test
5841,train
5842,test
5843,train
5844,train
5845,train
5846,test
5847,train
5848,train
5849,train
5850,test
5851,train
5852,train
5853,train
5854,train
5855,train
5856,train
5857,test
5858,train
5859,test
5860,train
5861,train
5862,train
5863,train
5864,train
5865,train
5866,train
5867,test
5868,train
5869,train
5870,train
5871,train
5872,train
5873,train
5874,train
5875,train
5876,test
5877,train
5878,train
5879,train
5880,train
5881,test
5882,test
5883,train
5884,train
5885,train
5886,train
5887,train
5888,train
5889,train
5890,train
5891,train
5892,test
5893,train
5894,train
5895,test
5896,train
5897,train
5898,train
5899,train
5900,train
5901,train
5902,train
5903,train
5904,train
5905,test
5906,train
5907,train
5908,train
5909,train
5910,train
5911,train
5912,train
5913,train
5914,train
5915,train
5916,train
5917,test
5918,train
5919,train
5920,test
5921,train
5922,train
5923,train
5924,train
5925,train
5926,train
5927,train
5928,test
5929,train
5930,train
5931,test
5932,train
5933,train
5934,train
5935,train
5936,train
5937,train
5938,train
5939,test
5940,train
5941,test
5942,test
5943,train
5944,train
5945,test
5946,train
5947,train
5948,train
5949,train
5950,train
5951,test
5952,train
5953,train
5954,train
5955,train
5956,test
5957,test
5958,train
5959,train
5960,train
5961,test
5962,train
5963,train
5964,train
5965,train
5966,train
5967,train
5968,train
5969,train
5970,train
5971,train
5972,train
5973,train
5974,train
5975,train
5976,test
5977,train
5978,train
5979,train
5980,train
5981,train
5982,train
5983,train
5984,test
5985,train
5986,train
5987,train
5988,train
5989,test
5990,train
5991,test
5992,train
5993,train
5994,train
5995,train
5996,test
5997,train
5998,train
5999,test
6000,train
6001,test
6002,train
6003,train
6004,train
6005,train
6006,train
6007,train
6008,train
6009,test
6010,train
6011,train
6012,train
6013,train
6014,train
6015,train
6016,train
6017,train
6018,train
6019,train
6020,train
6021,train
6022,train
6023,test
6024,train
6025,train
6026,train
6027,train
6028,test
6029,train
6030,train
6031,train
6032,train
6033,train
6034,test
6035,train
6036,test
6037,train
6038,test
6039,test
6040,train
6041,train
6042,train
6043,train
6044,train
6045,train
6046,train
6047,test
6048,train
6049,train
6050,train
6051,train
6052,train
6053,train
6054,train
6055,train
6056,train
6057,train
6058,train
6059,train
6060,train
6061,train
6062,test
6063,train
6064,train
6065,train
6066,train
6067,train
6068,train
6069,test
6070,train
6071,train
6072,train
6073,train
6074,train
6075,train
6076,train
6077,train
6078,test
6079,train
6080,train
6081,test
6082,train
6083,test
6084,train
6085,train
6086,train
6087,train
6088,train
6089,train
6090,train
6091,train
6092,test
6093,test
6094,train
6095,train
6096,test
6097,train
6098,train
6099,train
6100,train
6101,train
6102,train
6103,train
6104,train
6105,train
6106,train
6107,train
6108,train
6109,test
6110,train
6111,train
6112,train
6113,train
6114,train
6115,train
6116,train
6117,train
6118,train
6119,train
6120,train
6121,train
6122,train
6123,train
6124,train
6125,train
6126,train
6127,train
6128,train
6129,train
6130,train
6131,train
6132,test
6133,train
6134,train
6135,train
6136,train
6137,train
6138,train
6139,train
6140,test
6141,train
6142,train
6143,test
6144,train
6145,train
6146,train
6147,train
6148,train
6149,test
6150,train
6151,train
6152,test
6153,train
6154,train
6155,train
6156,train
6157,train
6158,train
6159,train
6160,train
6161,train
6162,train
6163,train
6164,train
6165,train
6166,test
6167,train
6168,train
6169,train
6170,train
6171,train
6172,test
6173,train
6174,test
6175,train
6176,train
6177,train
6178,train
6179,train
6180,train
6181,train
6182,train
6183,train
6184,train
6185,train
6186,test
6187,train
6188,train
6189,test
6190,test
6191,train
6192,test
6193,train
6194,train
6195,train
6196,train
6197,train
6198,train
6199,train
6200,test
6201,train
6202,train
6203,train
6204,test
6205,test
6206,train
6207,train
6208,train
6209,train
6210,test
6211,train
6212,train
6213,test
6214,train
6215,train
6216,train
6217,train
6218,test
6219,train
6220,train
6221,test
6222,test
6223,train
6224,train
6225,train
6226,train
6227,train
6228,train
6229,train
6230,train
6231,train
6232,train
6233,test
6234,test
6235,train
6236,train
6237,train
6238,train
6239,train
6240,test
6241,train
6242,train
6243,train
6244,train
6245,train
6246,train
6247,train
6248,test
6249,train
6250,train
6251,train
6252,train
6253,train
6254,train
6255,train
6256,train
6257,test
6258,train
6259,train
6260,train
6261,train
6262,train
6263,train
6264,train
6265,train
6266,train
6267,test
6268,train
6269,train
6270,train
6271,train
6272,train
6273,train
6274,train
6275,train
6276,train
6277,train
6278,train
6279,test
6280,train
6281,train
6282,train
6283,test
6284,train
6285,train
6286,test
6287,train
6288,test
6289,train
6290,train
6291,test
6292,test
6293,train
6294,train
6295,train
6296,train
6297,train
6298,train
6299,train
6300,train
6301,train
6302,test
6303,train
6304,train
6305,test
6306,train
6307,test
6308,train
6309,train
6310,train
6311,train
6312,test
6313,test
6314,train
6315,train
6316,test
6317,train
6318,train
6319,train
6320,test
6321,train
6322,train
6323,test
6324,train
6325,train
6326,train
6327,test
6328,train
6329,train
6330,train
6331,train
6332,train
6333,train
6334,test
6335,train
6336,train
6337,train
6338,train
6339,test
6340,train
6341,train
6342,train
6343,train
6344,train
6345,test
6346,test
6347,train
6348,test
6349,train
6350,train
6351,train
6352,train
6353,train
6354,test
6355,test
6356,train
6357,train
6358,train
6359,train
6360,test
6361,train
6362,train
6363,train
6364,test
6365,train
6366,train
6367,train
6368,test
6369,test
6370,train
6371,train
6372,train
6373,train
6374,train
6375,train
6376,train
6377,train
6378,train
6379,train
6380,train
6381,train
6382,test
6383,train
6384,train
6385,train
6386,train
6387,train
6388,test
6389,train
6390,train
6391,train
6392,test
6393,train
6394,train
6395,test
6396,train
6397,test
6398,train
6399,train
6400,train
6401,train
6402,train
6403,train
6404,train
6405,train
6406,test
6407,train
6408,train
6409,train
6410,train
6411,test
6412,test
6413,train
6414,test
6415,train
6416,train
6417,train
6418,train
6419,train
6420,train
6421,test
6422,train
6423,test
6424,test
6425,train
6426,train
6427,test
6428,train
6429,test
6430,train
6431,train
6432,train
6433,train
6434,train
6435,train
6436,train
6437,train
6438,train
6439,train
6440,train
6441,train
6442,train
6443,train
6444,train
6445,train
6446,train
6447,train
6448,train
6449,test
6450,test
6451,train
6452,train
6453,train
6454,train
6455,train
6456,train
6457,train
6458,train
6459,test
6460,train
6461,train
6462,test
6463,test
6464,test
6465,train
6466,train
6467,train
6468,train
6469,test
6470,train
6471,train
6472,train
6473,test
6474,train
6475,train
6476,train
6477,train
6478,train
6479,test
6480,train
6481,train
6482,train
6483,test
6484,train
6485,test
6486,train
6487,train
6488,train
6489,train
6490,train
6491,train
6492,test
6493,train
6494,test
6495,train
6496,train
6497,train
6498,test
6499,train
6500,test
6501,train
6502,train
6503,train
6504,test
6505,train
6506,train
6507,train
6508,train
6509,train
6510,test
6511,train
6512,train
6513,train
6514,train
6515,train
6516,train
6517,train
6518,train
6519,test
6520,train
6521,train
6522,train
6523,test
6524,train
6525,test
6526,train
6527,train
6528,test
6529,train
6530,train
6531,train
6532,train
6533,train
6534,train
6535,test
6536,train
6537,train
6538,train
6539,train
6540,train
6541,train
6542,test
6543,train
6544,train
6545,train
6546,train
6547,test
6548,train
6549,train
6550,train
6551,train
6552,train
6553,train
6554,train
6555,train
6556,train
6557,train
6558,train
6559,train
6560,train
6561,train
6562,train
6563,train
6564,train
6565,test
6566,train
6567,train
6568,test
6569,train
6570,test
6571,train
6572,train
6573,test
6574,train
6575,train
6576,train
6577,train
6578,train
6579,train
6580,train
6581,train
6582,train
6583,train
6584,test
6585,train
6586,train
6587,train
6588,test
6589,train
6590,train
6591,train
6592,train
6593,train
6594,test
6595,train
6596,test
6597,train
6598,train
6599,train
6600,test
6601,test
6602,test
6603,train
6604,train
6605,train
6606,train
6607,train
6608,train
6609,test
6610,train
6611,train
6612,train
6613,train
6614,train
6615,train
6616,train
6617,test
6618,test
6619,test
6620,train
6621,train
6622,train
6623,train
6624,test
6625,train
6626,train
6627,test
6628,train
6629,train
6630,train
6631,train
6632,train
6633,test
6634,train
6635,test
6636,train
6637,train
6638,train
6639,test
6640,train
6641,train
6642,test
6643,test
6644,train
6645,test
6646,train
6647,test
6648,train
6649,train
6650,train
6651,train
6652,train
6653,test
6654,train
6655,train
6656,train
6657,train
6658,train
6659,train
6660,train
6661,train
6662,train
6663,train
6664,test
6665,train
6666,train
6667,train
6668,test
6669,train
6670,test
6671,train
6672,train
6673,train
6674,train
6675,train
6676,train
6677,train
6678,train
6679,train
6680,train
6681,train
6682,train
6683,test
6684,train
6685,train
6686,train
6687,train
6688,train
6689,train
6690,train
6691,train
6692,test
6693,train
6694,test
6695,train
6696,test
6697,test
6698,train
6699,test
6700,train
6701,train
6702,train
6703,train
6704,train
6705,train
6706,test
6707,train
6708,train
6709,test
6710,train
6711,train
6712,train
6713,train
6714,train
6715,train
6716,train
6717,train
6718,train
6719,train
6720,train
6721,train
6722,train
6723,train
6724,train
6725,train
6726,train
6727,train
6728,train
6729,train
6730,test
6731,train
6732,train
6733,train
6734,train
6735,test
6736,train
6737,train
6738,test
6739,train
6740,train
6741,train
6742,train
6743,train
6744,test
6745,train
6746,train
6747,train
6748,train
6749,train
6750,train
6751,test
6752,train
6753,train
6754,train
6755,train
6756,test
6757,train
6758,train
6759,test
6760,train
6761,train
6762,test
6763,train
6764,train
6765,test
6766,train
6767,train
6768,train
6769,train
6770,train
6771,test
6772,train
6773,train
6774,train
6775,train
6776,test
6777,test
6778,train
6779,train
6780,train
6781,train
6782,train
6783,train
6784,train
6785,train
6786,test
6787,train
6788,train
6789,train
6790,train
6791,test
6792,test
6793,test
6794,train
6795,train
6796,train
6797,train
6798,train
6799,train
6800,train
6801,train
6802,train
6803,train
6804,train
6805,train
6806,train
6807,train
6808,train
6809,train
6810,train
6811,train
6812,train
6813,train
6814,train
6815,train
6816,train
6817,train
6818,train
6819,test
6820,train
6821,train
6822,test
6823,train
6824,train
6825,train
6826,test
6827,train
6828,train
6829,train
6830,train
6831,test
6832,train
6833,train
6834,train
6835,train
6836,train
6837,train
6838,test
6839,train
6840,train
6841,train
6842,train
6843,train
6844,train
6845,train
6846,train
6847,train
6848,train
6849,train
6850,train
6851,test
6852,train
6853,train
6854,test
6855,train
6856,test
6857,train
6858,train
6859,train
6860,train
6861,train
6862,test
6863,train
6864,test
6865,train
6866,train
6867,train
6868,train
6869,train
6870,train
6871,test
6872,train
6873,train
6874,test
6875,train
6876,train
6877,train
6878,test
6879,train
6880,train
6881,train
6882,train
6883,train
6884,train
6885,train
6886,train
6887,train
6888,test
6889,train
6890,train
6891,train
6892,train
6893,train
6894,train
6895,train
6896,train
6897,train
6898,train
6899,train
6900,train
6901,train
6902,train
6903,train
6904,train
6905,train
6906,train
6907,test
6908,train
6909,train
6910,train
6911,train
6912,train
6913,train
6914,train
6915,train
6916,train
6917,train
6918,train
6919,test
6920,train
6921,train
6922,train
6923,train
6924,train
6925,train
6926,test
6927,train
6928,test
6929,train
6930,train
6931,train
6932,train
6933,train
6934,train
6935,train
6936,test
6937,test
6938,train
6939,train
6940,train
6941,train
6942,train
6943,train
6944,train
6945,train
6946,train
6947,train
6948,test
6949,test
6950,train
6951,train
6952,train
6953,test
6954,train
6955,train
6956,train
6957,train
6958,train
6959,train
6960,test
6961,train
6962,train
6963,train
6964,train
6965,test
6966,train
6967,train
6968,train
6969,train
6970,test
6971,train
6972,test
6973,train
6974,test
6975,train
6976,train
6977,train
6978,train
6979,test
6980,train
6981,train
6982,train
6983,train
6984,train
6985,train
6986,train
6987,train
6988,train
6989,train
6990,train
6991,train
6992,train
6993,test
6994,train
6995,train
6996,test
6997,train
6998,test
6999,train
7000,train
7001,train
7002,train
7003,train
7004,train
7005,test
7006,train
7007,train
7008,train
7009,train
7010,train
7011,train
7012,train
7013,train
7014,train
7015,train
7016,train
7017,test
7018,train
7019,train
7020,train
7021,train
7022,train
7023,test
7024,train
7025,train
7026,train
7027,test
7028,test
7029,train
7030,train
7031,train
7032,train
7033,train
7034,test
7035,train
7036,train
7037,test
7038,test
7039,test
7040,train
7041,train
7042,train
7043,train
7044,train
7045,train
7046,test
7047,test
7048,test
7049,train
7050,train
7051,train
7052,train
7053,train
7054,test
7055,train
7056,train
7057,train
7058,train
7059,train
7060,train
7061,train
7062,train
7063,test
7064,test
7065,train
7066,train
7067,test
7068,test
7069,test
7070,train
7071,train
7072,train
7073,train
7074,test
7075,train
7076,train
7077,train
7078,train
7079,train
7080,test
7081,train
7082,train
7083,train
7084,train
7085,train
7086,train
7087,train
7088,train
7089,train
7090,test
7091,train
7092,train
7093,train
7094,train
7095,train
7096,train
7097,train
7098,train
7099,test
7100,train
7101,test
7102,train
7103,train
7104,train
7105,train
7106,train
7107,train
7108,train
7109,train
7110,test
7111,train
7112,train
7113,train
7114,test
7115,test
7116,train
7117,test
7118,train
7119,train
7120,train
7121,train
7122,test
7123,train
7124,train
7125,train
7126,train
7127,test
7128,train
7129,test
7130,train
7131,train
7132,train
7133,train
7134,train
7135,train
7136,train
7137,test
7138,train
7139,train
7140,train
7141,test
7142,test
7143,train
7144,train
7145,train
7146,train
7147,train
7148,train
7149,train
7150,train
7151,train
7152,train
7153,train
7154,test
7155,train
7156,train
7157,test
7158,train
7159,train
7160,train
7161,train
7162,train
7163,train
7164,test
7165,train
7166,train
7167,train
7168,train
7169,train
7170,train
7171,train
7172,test
7173,train
7174,train
7175,train
7176,train
7177,test
7178,train
7179,train
7180,test
7181,test
7182,train
7183,train
7184,train
7185,train
7186,test
7187,train
7188,train
7189,train
7190,train
7191,test
7192,train
7193,train
7194,train
7195,test
7196,train
7197,train
7198,train
7199,train
7200,train
7201,train
7202,train
7203,train
7204,train
7205,test
7206,train
7207,train
7208,train
7209,test
7210,train
7211,train
7212,test
7213,train
7214,test
7215,train
7216,test
7217,train
7218,test
7219,train
7220,test
7221,train
7222,train
7223,test
7224,test
7225,train
7226,train
7227,train
7228,train
7229,train
7230,train
7231,train
7232,train
7233,train
7234,train
7235,train
7236,train
7237,test
7238,train
7239,train
7240,train
7241,test
7242,test
7243,train
7244,test
7245,train
7246,train
7247,train
7248,test
7249,train
7250,train
7251,test
7252,train
7253,train
7254,test
7255,train
7256,train
7257,train
7258,train
7259,train
7260,train
7261,train
7262,train
7263,train
7264,test
7265,train
7266,test
7267,train
7268,train
7269,train
7270,train
7271,train
7272,test
7273,train
7274,train
7275,train
7276,test
7277,train
7278,train
7279,train
7280,train
7281,train
7282,train
7283,train
7284,train
7285,test
7286,train
7287,train
7288,test
7289,train
7290,train
7291,train
7292,train
7293,train
7294,test
7295,train
7296,train
7297,test
7298,test
7299,train
7300,train
7301,train
7302,train
7303,train
7304,train
7305,train
7306,train
7307,train
7308,train
7309,train
7310,train
7311,test
7312,train
7313,train
7314,test
7315,train
7316,train
7317,train
7318,train
7319,train
7320,test
7321,test
7322,train
7323,train
7324,test
7325,train
7326,train
7327,test
7328,train
7329,train
7330,train
7331,train
7332,test
7333,train
7334,train
7335,train
7336,train
7337,train
7338,train
7339,train
7340,train
7341,train
7342,train
7343,train
7344,train
7345,test
7346,train
7347,train
7348,train
7349,test
7350,train
7351,train
7352,test
7353,test
7354,test
7355,train
7356,train
7357,train
7358,train
7359,train
7360,train
7361,train
7362,test
7363,train
7364,train
7365,train
7366,train
7367,train
7368,train
7369,test
7370,test
7371,train
7372,test
7373,train
7374,train
7375,train
7376,train
7377,train
7378,train
7379,train
7380,train
7381,train
7382,train
7383,train
7384,train
7385,train
7386,train
7387,train
7388,train
7389,test
7390,train
7391,train
7392,train
7393,train
7394,train
7395,train
7396,train
7397,train
7398,test
7399,train
7400,train
7401,test
7402,train
7403,test
7404,train
7405,train
7406,train
7407,train
7408,test
7409,train
7410,test
7411,train
7412,train
7413,test
7414,train
7415,test
7416,train
7417,train
7418,train
7419,test
7420,train
7421,train
7422,train
7423,test
7424,train
7425,train
7426,test
7427,train
7428,train
7429,train
7430,train
7431,test
7432,train
7433,train
7434,train
7435,train
7436,train
7437,train
7438,train
7439,train
7440,train
7441,train
7442,train
7443,train
7444,train
7445,train
7446,train
7447,train
7448,test
7449,train
7450,test
7451,train
7452,test
7453,test
7454,train
7455,train
7456,train
7457,train
7458,test
7459,train
7460,train
7461,train
7462,train
7463,train
7464,train
7465,train
7466,train
7467,train
7468,train
7469,train
7470,train
7471,train
7472,train
7473,test
7474,train
7475,train
7476,test
7477,train
7478,train
7479,test
7480,train
7481,test
7482,test
7483,train
7484,test
7485,train
7486,train
7487,test
7488,train
7489,train
7490,test
7491,train
7492,train
7493,train
7494,train
7495,train
7496,train
7497,train
7498,train
7499,train
7500,train
7501,train
7502,train
7503,train
7504,test
7505,train
7506,train
7507,train
7508,train
7509,train
7510,train
7511,train
7512,train
7513,test
7514,train
7515,train
7516,train
7517,train
7518,train
7519,test
7520,train
7521,train
7522,train
7523,train
7524,train
7525,train
7526,test
7527,train
7528,test
7529,train
7530,train
7531,train
7532,train
7533,train
7534,train
7535,train
7536,train
7537,train
7538,test
7539,train
7540,train
7541,test
7542,train
7543,train
7544,train
7545,train
7546,train
7547,train
7548,train
7549,test
7550,train
7551,train
7552,test
7553,train
7554,train
7555,train
7556,train
7557,train
7558,train
7559,train
7560,train
7561,train
7562,train
7563,train
7564,train
7565,train
7566,train
7567,train
7568,train
7569,train
7570,train
7571,train
7572,train
7573,train
7574,train
7575,train
7576,train
7577,test
7578,train
7579,test
7580,train
7581,train
7582,train
7583,train
7584,test
7585,train
7586,train
7587,train
7588,train
7589,test
7590,train
7591,train
7592,train
7593,train
7594,train
7595,train
7596,train
7597,train
7598,train
7599,train
7600,train
7601,test
7602,test
7603,train
7604,train
7605,train
7606,train
7607,train
7608,train
7609,train
7610,train
7611,test
7612,train
7613,train
7614,train
7615,train
7616,test
7617,train
7618,train
7619,test
7620,test
7621,train
7622,train
7623,test
7624,train
7625,train
7626,train
7627,train
7628,train
7629,train
7630,train
7631,train
7632,train
7633,test
7634,train
7635,train
7636,train
7637,test
7638,train
7639,train
7640,train
7641,train
7642,train
7643,train
7644,train
7645,train
7646,train
7647,test
7648,train
7649,train
7650,train
7651,train
7652,train
7653,train
7654,test
7655,test
7656,train
7657,test
7658,train
7659,train
7660,train
7661,train
7662,train
7663,train
7664,test
7665,test
7666,train
7667,train
7668,train
7669,train
7670,test
7671,test
7672,train
7673,train
7674,train
7675,train
7676,train
7677,test
7678,test
7679,test
7680,train
7681,train
7682,test
7683,train
7684,train
7685,train
7686,train
7687,train
7688,train
7689,test
7690,train
7691,train
7692,train
7693,train
7694,train
7695,train
7696,train
7697,train
7698,train
7699,train
7700,train
7701,train
7702,train
7703,test
7704,test
7705,train
7706,train
7707,train
7708,train
7709,train
7710,train
7711,test
7712,train
7713,train
7714,train
7715,train
7716,train
7717,test
7718,train
7719,test
7720,train
7721,train
7722,train
7723,train
7724,train
7725,train
7726,train
7727,train
7728,train
7729,train
7730,train
7731,train
7732,train
7733,test
7734,test
7735,train
7736,train
7737,train
7738,train
7739,test
7740,train
7741,train
7742,train
7743,train
7744,test
7745,train
7746,train
7747,train
7748,train
7749,train
7750,train
7751,train
7752,train
7753,test
7754,train
7755,train
7756,train
7757,test
7758,train
7759,train
7760,train
7761,train
7762,train
7763,train
7764,train
7765,train
7766,train
7767,train
7768,train
7769,train
7770,test
7771,train
7772,train
7773,train
7774,train
7775,test
7776,train
7777,train
7778,test
7779,train
7780,train
7781,train
7782,train
7783,train
7784,train
7785,train
7786,train
7787,train
7788,train
7789,train
7790,train
7791,train
7792,train
7793,train
7794,train
7795,train
7796,train
7797,test
7798,test
7799,train
7800,train
7801,train
7802,train
7803,test
7804,train
7805,train
7806,train
7807,train
7808,train
7809,train
7810,train
7811,train
7812,train
7813,train
7814,train
7815,train
7816,train
7817,train
7818,train
7819,test
7820,train
7821,train
7822,test
7823,train
7824,test
7825,train
7826,train
7827,train
7828,train
7829,train
7830,train
7831,train
7832,train
7833,train
7834,train
7835,train
7836,train
7837,train
7838,test
7839,test
7840,train
7841,train
7842,train
7843,train
7844,test
7845,train
7846,train
7847,test
7848,train
7849,test
7850,train
7851,train
7852,train
7853,train
7854,train
7855,train
7856,train
7857,train
7858,train
7859,train
7860,train
7861,train
7862,train
7863,train
7864,train
7865,test
7866,test
7867,train
7868,train
7869,train
7870,train
7871,train
7872,train
7873,test
7874,test
7875,train
7876,test
7877,train
7878,test
7879,test
7880,train
7881,train
7882,train
7883,train
7884,test
7885,train
7886,train
7887,train
7888,train
7889,train
7890,test
7891,train
7892,train
7893,test
7894,train
7895,train
7896,test
7897,train
7898,train
7899,train
7900,train
7901,train
7902,train
7903,train
7904,test
7905,train
7906,train
7907,test
7908,train
7909,test
7910,train
7911,train
7912,test
7913,train
7914,train
7915,train
7916,train
7917,train
7918,train
7919,train
7920,train
7921,train
7922,train
7923,train
7924,test
7925,train
7926,train
7927,test
7928,train
7929,train
7930,train
7931,train
7932,train
7933,train
7934,train
7935,train
7936,train
7937,train
7938,train
7939,train
7940,train
7941,train
7942,train
7943,train
7944,train
7945,train
7946,train
7947,train
7948,train
7949,test
7950,train
7951,train
7952,train
7953,train
7954,train
7955,train
7956,train
7957,test
7958,train
7959,train
7960,train
7961,train
7962,train
7963,train
7964,train
7965,train
7966,train
7967,test
7968,train
7969,train
7970,test
7971,train
7972,train
7973,train
7974,train
7975,train
7976,train
7977,train
7978,train
7979,train
7980,train
7981,train
7982,train
7983,train
7984,train
7985,train
7986,train
7987,train
7988,test
7989,train
7990,test
7991,train
7992,train
7993,train
7994,train
7995,train
7996,test
7997,train
7998,train
7999,train
8000,train
8001,train
8002,test
8003,train
8004,test
8005,train
8006,train
8007,train
8008,train
8009,train
8010,train
8011,test
8012,test
8013,train
8014,train
8015,train
8016,train
8017,train
8018,train
8019,train
8020,train
8021,train
8022,train
8023,train
8024,train
8025,train
8026,train
8027,train
8028,test
8029,train
8030,train
8031,test
8032,train
8033,train
8034,test
8035,train
8036,train
8037,train
8038,train
8039,train
8040,train
8041,test
8042,train
8043,train
8044,train
8045,train
8046,test
8047,train
8048,train
8049,test
8050,train
8051,test
8052,train
8053,train
8054,test
8055,test
8056,test
8057,train
8058,test
8059,test
8060,train
8061,test
8062,train
8063,train
8064,test
8065,test
8066,test
8067,train
8068,test
8069,test
8070,train
8071,train
8072,train
8073,train
8074,train
8075,train
8076,train
8077,train
8078,test
8079,test
8080,train
8081,train
8082,train
8083,train
8084,train
8085,train
8086,test
8087,train
8088,train
8089,train
8090,train
8091,train
8092,train
8093,train
8094,train
8095,test
8096,train
8097,train
8098,test
8099,train
8100,test
8101,train
8102,train
8103,test
8104,train
8105,train
8106,train
8107,train
8108,train
8109,train
8110,train
8111,train
8112,test
8113,train
8114,train
8115,test
8116,train
8117,train
8118,train
8119,train
8120,test
8121,train
8122,train
8123,train
8124,train
8125,train
8126,train
8127,train
8128,train
8129,train
8130,test
8131,train
8132,test
8133,train
8134,train
8135,test
8136,train
8137,train
8138,train
8139,train
8140,test
8141,train
8142,test
8143,train
8144,train
8145,train
8146,train
8147,train
8148,train
8149,train
8150,train
8151,test
8152,train
8153,train
8154,train
8155,train
8156,train
8157,train
8158,test
8159,train
8160,train
8161,train
8162,train
8163,train
8164,train
8165,train
8166,train
8167,train
8168,train
8169,train
8170,train
8171,train
8172,train
8173,test
8174,train
8175,test
8176,train
8177,train
8178,train
8179,train
8180,train
8181,train
8182,train
8183,test
8184,train
8185,train
8186,train
8187,train
8188,test
8189,train
8190,train
8191,train
8192,train
8193,test
8194,train
8195,train
8196,test
8197,train
8198,train
8199,train
8200,train
8201,train
8202,train
8203,train
8204,train
8205,train
8206,train
8207,train
8208,train
8209,train
8210,train
8211,test
8212,train
8213,test
8214,train
8215,test
8216,train
8217,train
8218,test
8219,train
8220,train
8221,train
8222,train
8223,test
8224,train
8225,test
8226,train
8227,train
8228,train
8229,train
8230,train
8231,train
8232,train
8233,train
8234,train
8235,test
8236,test
8237,train
8238,test
8239,train
8240,train
8241,train
8242,test
8243,train
8244,train
8245,train
8246,train
8247,train
8248,train
8249,train
8250,train
8251,train
8252,test
8253,train
8254,train
8255,train
8256,train
8257,train
8258,train
8259,train
8260,train
8261,train
8262,test
8263,train
8264,train
8265,test
8266,train
8267,train
8268,train
8269,train
8270,train
8271,test
8272,train
8273,test
8274,train
8275,train
8276,train
8277,train
8278,train
8279,train
8280,train
8281,train
8282,train
8283,train
8284,train
8285,train
8286,train
8287,test
8288,train
8289,test
8290,train
8291,test
8292,train
8293,test
8294,train
8295,train
8296,train
8297,test
8298,train
8299,train
8300,train
8301,train
8302,train
8303,train
8304,train
8305,train
8306,train
8307,test
8308,test
8309,train
8310,train
8311,train
8312,train
8313,train
8314,train
8315,test
8316,train
8317,train
8318,train
8319,train
8320,train
8321,test
8322,test
8323,train
8324,train
8325,train
8326,train
8327,test
8328,train
8329,train
8330,train
8331,train
8332,train
8333,train
8334,train
8335,train
8336,train
8337,train
8338,test
8339,train
8340,test
8341,train
8342,train
8343,train
8344,train
8345,train
8346,train
8347,train
8348,train
8349,test
8350,train
8351,train
8352,train
8353,train
8354,train
8355,train
8356,train
8357,train
8358,train
8359,train
8360,train
8361,train
8362,train
8363,train
8364,train
8365,train
8366,train
8367,train
8368,train
8369,train
8370,test
8371,test
8372,train
8373,train
8374,test
8375,test
8376,train
8377,train
8378,test
8379,train
8380,train
8381,train
8382,test
8383,train
8384,test
8385,test
8386,train
8387,train
8388,test
8389,test
8390,train
8391,train
8392,test
8393,train
8394,train
8395,train
8396,test
8397,train
8398,test
8399,train
8400,train
8401,test
8402,train
8403,train
8404,train
8405,test
8406,train
8407,train
8408,test
8409,train
8410,train
8411,train
8412,train
8413,test
8414,train
8415,train
8416,train
8417,train
8418,train
8419,test
8420,test
8421,train
8422,train
8423,train
8424,train
8425,train
8426,test
8427,train
8428,train
8429,train
8430,test
8431,train
8432,train
8433,train
8434,train
8435,train
8436,train
8437,train
8438,train
8439,train
8440,train
8441,train
8442,train
8443,train
8444,train
8445,train
8446,train
8447,train
8448,train
8449,test
8450,train
8451,train
8452,test
8453,train
8454,train
8455,test
8456,train
8457,train
8458,train
8459,train
8460,train
8461,train
8462,test
8463,train
8464,train
8465,train
8466,train
8467,train
8468,train
8469,train
8470,train
8471,train
8472,train
8473,train
8474,train
8475,train
8476,train
8477,train
8478,test
8479,train
8480,train
8481,train
8482,train
8483,train
8484,train
8485,train
8486,train
8487,train
8488,train
8489,train
8490,test
8491,test
8492,test
8493,train
8494,train
8495,train
8496,test
8497,train
8498,train
8499,test
8500,train
8501,test
8502,train
8503,train
8504,train
8505,train
8506,train
8507,train
8508,test
8509,train
8510,train
8511,test
8512,train
8513,train
8514,train
8515,train
8516,train
8517,train
8518,train
8519,train
8520,train
8521,train
8522,train
8523,train
8524,test
8525,train
8526,test
8527,train
8528,train
8529,train
8530,test
8531,test
8532,train
8533,train
8534,train
8535,test
8536,train
8537,train
8538,test
8539,train
8540,train
8541,train
8542,train
8543,train
8544,train
8545,train
8546,train
8547,train
8548,train
8549,train
8550,train
8551,train
8552,train
8553,train
8554,test
8555,train
8556,train
8557,train
8558,train
8559,train
8560,test
8561,train
8562,train
8563,train
8564,test
8565,test
8566,train
8567,train
8568,train
8569,train
8570,train
8571,train
8572,train
8573,train
8574,train
8575,test
8576,train
8577,train
8578,train
8579,train
8580,train
8581,train
8582,test
8583,train
8584,train
8585,train
8586,train
8587,train
8588,train
8589,train
8590,train
8591,train
8592,test
8593,train
8594,train
8595,train
8596,test
8597,train
8598,test
8599,train
8600,train
8601,train
8602,train
8603,train
8604,train
8605,train
8606,train
8607,train
8608,train
8609,train
8610,train
8611,test
8612,test
8613,test
8614,train
8615,train
8616,train
8617,test
8618,train
8619,test
8620,test
8621,train
8622,train
8623,train
8624,test
8625,train
8626,train
8627,train
8628,train
8629,train
8630,test
8631,test
8632,train
8633,train
8634,train
8635,test
8636,train
8637,train
8638,train
8639,test
8640,train
8641,test
8642,test
8643,train
8644,test
8645,train
8646,train
8647,train
8648,test
8649,train
8650,train
8651,train
8652,train
8653,train
8654,train
8655,train
8656,test
8657,train
8658,train
8659,test
8660,train
8661,train
8662,train
8663,train
8664,train
8665,test
8666,train
8667,train
8668,train
8669,test
8670,train
8671,train
8672,train
8673,train
8674,train
8675,train
8676,train
8677,train
8678,train
8679,train
8680,train
8681,train
8682,train
8683,train
8684,train
8685,train
8686,train
8687,train
8688,train
8689,train
8690,train
8691,train
8692,train
8693,train
8694,train
8695,train
8696,train
8697,test
8698,train
8699,train
8700,test
8701,train
8702,train
8703,train
8704,train
8705,train
8706,train
8707,test
8708,train
8709,train
8710,test
8711,train
8712,train
8713,train
8714,train
8715,train
8716,test
8717,train
8718,train
8719,train
8720,test
8721,train
8722,train
8723,test
8724,train
8725,train
8726,test
8727,train
8728,train
8729,train
8730,test
8731,train
8732,train
8733,train
8734,train
8735,train
8736,train
8737,train
8738,train
8739,train
8740,train
8741,train
8742,train
8743,train
8744,test
8745,train
8746,test
8747,train
8748,train
8749,test
8750,train
8751,train
8752,train
8753,train
8754,train
8755,test
8756,train
8757,train
8758,train
8759,train
8760,train
8761,train
8762,train
8763,train
8764,train
8765,train
8766,test
8767,train
8768,train
8769,test
8770,test
8771,test
8772,test
8773,train
8774,train
8775,test
8776,test
8777,train
8778,train
8779,train
8780,test
8781,test
8782,train
8783,train
8784,train
8785,train
8786,train
8787,train
8788,train
8789,train
8790,train
8791,train
8792,train
8793,train
8794,train
8795,train
8796,train
8797,train
8798,test
8799,train
8800,train
8801,train
8802,train
8803,train
8804,train
8805,train
8806,train
8807,train
8808,train
8809,train
8810,train
8811,train
8812,train
8813,train
8814,train
8815,test
8816,test
8817,train
8818,test
8819,test
8820,train
8821,train
8822,train
8823,train
8824,train
8825,train
8826,train
8827,train
8828,train
8829,train
8830,train
8831,test
8832,train
8833,train
8834,test
8835,train
8836,train
8837,train
8838,train
8839,train
8840,train
8841,train
8842,train
8843,train
8844,train
8845,train
8846,test
8847,test
8848,train
8849,train
8850,train
8851,test
8852,train
8853,train
8854,train
8855,train
8856,test
8857,train
8858,train
8859,test
8860,train
8861,train
8862,train
8863,train
8864,test
8865,test
8866,train
8867,train
8868,train
8869,train
8870,train
8871,train
8872,test
8873,train
8874,train
8875,test
8876,train
8877,train
8878,train
8879,train
8880,train
8881,train
8882,train
8883,train
8884,test
8885,train
8886,train
8887,train
8888,train
8889,train
8890,train
8891,train
8892,train
8893,train
8894,train
8895,train
8896,train
8897,train
8898,train
8899,test
8900,train
8901,test
8902,test
8903,train
8904,train
8905,train
8906,train
8907,train
8908,train
8909,train
8910,train
8911,train
8912,train
8913,train
8914,test
8915,train
8916,train
8917,test
8918,train
8919,train
8920,train
8921,train
8922,test
8923,test
8924,train
8925,train
8926,train
8927,train
8928,train
8929,train
8930,train
8931,train
8932,train
8933,train
8934,train
8935,train
8936,train
8937,train
8938,train
8939,train
8940,train
8941,train
8942,train
8943,train
8944,train
8945,train
8946,train
8947,train
8948,test
8949,train
8950,train
8951,train
8952,train
8953,train
8954,train
8955,test
8956,train
8957,train
8958,test
8959,train
8960,train
8961,train
8962,train
8963,train
8964,train
8965,train
8966,train
8967,train
8968,train
8969,test
8970,test
8971,train
8972,train
8973,train
8974,train
8975,train
8976,train
8977,train
8978,train
8979,train
8980,train
8981,train
8982,train
8983,train
8984,test
8985,test
8986,train
8987,train
8988,test
8989,train
8990,train
8991,test
8992,train
8993,train
8994,train
8995,train
8996,train
8997,test
8998,train
8999,train
9000,train
9001,train
9002,train
9003,train
9004,train
9005,train
9006,test
9007,train
9008,train
9009,train
9010,test
9011,train
9012,train
9013,train
9014,train
9015,train
9016,train
9017,train
9018,train
9019,train
9020,train
9021,train
9022,train
9023,train
9024,train
9025,train
9026,train
9027,train
9028,test
9029,train
9030,train
9031,train
9032,train
9033,train
9034,train
9035,train
9036,train
9037,train
9038,train
9039,train
9040,train
9041,train
9042,train
9043,train
9044,train
9045,train
9046,train
9047,train
9048,test
9049,train
9050,train
9051,test
9052,test
9053,train
9054,train
9055,train
9056,train
9057,train
9058,train
9059,train
9060,test
9061,train
9062,train
9063,train
9064,train
9065,train
9066,train
9067,train
9068,train
9069,test
9070,train
9071,test
9072,train
9073,train
9074,train
9075,test
9076,train
9077,test
9078,test
9079,train
9080,train
9081,test
9082,test
9083,train
9084,train
9085,train
9086,train
9087,train
9088,train
9089,train
9090,train
9091,train
9092,test
9093,train
9094,train
9095,test
9096,test
9097,train
9098,train
9099,train
9100,train
9101,train
9102,train
9103,train
9104,train
9105,train
9106,train
9107,train
9108,train
9109,train
9110,test
9111,train
9112,train
9113,train
9114,train
9115,train
9116,train
9117,train
9118,train
9119,train
9120,train
9121,train
9122,train
9123,train
9124,train
9125,test
9126,train
9127,train
9128,test
9129,test
9130,train
9131,test
9132,train
9133,train
9134,train
9135,train
9136,train
9137,train
9138,test
9139,train
9140,test
9141,test
9142,test
9143,train
9144,train
9145,train
9146,train
9147,test
9148,train
9149,train
9150,train
9151,test
9152,train
9153,train
9154,train
9155,train
9156,train
9157,train
9158,test
9159,train
9160,train
9161,train
9162,train
9163,train
9164,train
9165,test
9166,train
9167,train
9168,train
9169,test
9170,test
9171,train
9172,test
9173,train
9174,test
9175,test
9176,train
9177,train
9178,train
9179,train
9180,test
9181,train
9182,train
9183,train
9184,train
9185,train
9186,test
9187,train
9188,train
9189,train
9190,train
9191,test
9192,train
9193,train
9194,test
9195,test
9196,train
9197,train
9198,train
9199,test
9200,train
9201,train
9202,train
9203,train
9204,train
9205,train
9206,train
9207,train
9208,train
9209,train
9210,test
9211,train
9212,train
9213,train
9214,train
9215,test
9216,train
9217,train
9218,train
9219,test
9220,train
9221,train
9222,train
9223,train
9224,test
9225,train
9226,train
9227,train
9228,train
9229,train
9230,train
9231,train
9232,test
9233,train
9234,train
9235,test
9236,train
9237,train
9238,train
9239,train
9240,train
9241,test
9242,train
9243,train
9244,train
9245,test
9246,train
9247,train
9248,train
9249,test
9250,train
9251,train
9252,train
9253,train
9254,train
9255,train
9256,train
9257,train
9258,train
9259,train
9260,train
9261,train
9262,train
9263,test
9264,train
9265,test
9266,train
9267,train
9268,test
9269,test
9270,train
9271,test
9272,test
9273,test
9274,train
9275,train
9276,train
9277,train
9278,train
9279,train
9280,train
9281,train
9282,train
9283,test
9284,train
9285,train
9286,train
9287,train
9288,test
9289,train
9290,train
9291,train
9292,test
9293,train
9294,train
9295,train
9296,train
9297,train
9298,train
9299,train
9300,test
9301,train
9302,train
9303,train
9304,train
9305,train
9306,train
9307,train
9308,train
9309,train
9310,train
9311,train
9312,train
9313,train
9314,train
9315,train
9316,train
9317,train
9318,train
9319,train
9320,train
9321,test
9322,train
9323,train
9324,train
9325,train
9326,train
9327,train
9328,train
9329,train
9330,train
9331,train
9332,train
9333,test
9334,train
9335,train
9336,train
9337,train
9338,train
9339,train
9340,train
9341,train
9342,test
9343,train
9344,train
9345,test
9346,train
9347,train
9348,test
9349,train
9350,train
9351,train
9352,train
9353,train
9354,train
9355,train
9356,test
9357,train
9358,train
9359,train
9360,train
9361,train
9362,train
9363,train
9364,train
9365,train
9366,train
9367,train
9368,test
9369,train
9370,train
9371,train
9372,train
9373,train
9374,train
9375,train
9376,test
9377,train
9378,test
9379,train
9380,train
9381,train
9382,train
9383,train
9384,train
9385,train
9386,train
9387,train
9388,train
9389,train
9390,test
9391,test
9392,train
9393,train
9394,test
9395,train
9396,train
9397,train
9398,train
9399,train
9400,test
9401,train
9402,train
9403,train
9404,test
9405,train
9406,test
9407,train
9408,train
9409,test
9410,train
9411,train
9412,train
9413,test
9414,train
9415,test
9416,train
9417,train
9418,train
9419,train
9420,train
9421,train
9422,train
9423,train
9424,train
9425,train
9426,train
9427,train
9428,train
9429,train
9430,train
9431,train
9432,train
9433,train
9434,train
9435,train
9436,test
9437,test
9438,train
9439,train
9440,train
9441,test
9442,train
9443,train
9444,train
9445,train
9446,train
9447,train
9448,train
9449,train
9450,train
9451,train
9452,train
9453,train
9454,train
9455,test
9456,train
9457,train
9458,train
9459,train
9460,train
9461,train
9462,train
9463,train
9464,train
9465,train
9466,train
9467,train
9468,train
9469,train
9470,train
9471,train
9472,train
9473,train
9474,train
9475,test
9476,train
9477,train
9478,train
9479,train
9480,train
9481,train
9482,train
9483,train
9484,train
9485,train
9486,train
9487,train
9488,train
9489,train
9490,train
9491,train
9492,train
9493,train
9494,train
9495,test
9496,test
9497,train
9498,train
9499,train
9500,test
9501,train
9502,test
9503,train
9504,train
9505,train
9506,test
9507,train
9508,train
9509,train
9510,train
9511,train
9512,train
9513,test
9514,train
9515,train
9516,train
9517,train
9518,train
9519,train
9520,train
9521,train
9522,train
9523,train
9524,train
9525,train
9526,train
9527,train
9528,test
9529,train
9530,train
9531,train
9532,train
9533,train
9534,test
9535,train
9536,train
9537,train
9538,train
9539,test
9540,train
9541,test
9542,test
9543,train
9544,train
9545,train
9546,train
9547,train
9548,train
9549,train
9550,train
9551,train
9552,train
9553,train
9554,train
9555,train
9556,train
9557,train
9558,train
9559,train
9560,test
9561,train
9562,train
9563,test
9564,train
9565,train
9566,test
9567,train
9568,train
9569,train
9570,test
9571,train
9572,train
9573,train
9574,train
9575,train
9576,train
9577,test
9578,train
9579,train
9580,train
9581,train
9582,train
9583,test
9584,train
9585,test
9586,test
9587,train
9588,test
9589,train
9590,test
9591,test
9592,train
9593,train
9594,train
9595,test
9596,train
9597,train
9598,train
9599,train
9600,test
9601,train
9602,train
9603,train
9604,train
9605,train
9606,train
9607,test
9608,train
9609,train
9610,train
9611,train
9612,train
9613,train
9614,train
9615,train
9616,train
9617,test
9618,train
9619,train
9620,train
9621,train
9622,train
9623,test
9624,test
9625,train
9626,train
9627,train
9628,train
9629,train
9630,train
9631,train
9632,train
9633,train
9634,train
9635,train
9636,train
9637,test
9638,train
9639,train
9640,train
9641,train
9642,train
9643,train
9644,test
9645,train
9646,train
9647,train
9648,test
9649,train
9650,test
9651,test
9652,train
9653,train
9654,train
9655,test
9656,test
9657,train
9658,train
9659,test
9660,train
9661,train
9662,train
9663,train
9664,train
9665,test
9666,train
9667,train
9668,train
9669,test
9670,train
9671,train
9672,train
9673,train
9674,train
9675,train
9676,test
9677,train
9678,train
9679,train
9680,train
9681,train
9682,train
9683,train
9684,train
9685,train
9686,train
9687,train
9688,train
9689,train
9690,train
9691,train
9692,train
9693,train
9694,train
9695,train
9696,train
9697,train
9698,train
9699,train
9700,train
9701,train
9702,train
9703,train
9704,train
9705,train
9706,test
9707,train
9708,train
9709,train
9710,test
9711,train
9712,train
9713,train
9714,train
9715,train
9716,train
9717,train
9718,test
9719,test
9720,train
9721,train
9722,test
9723,test
9724,train
9725,train
9726,train
9727,train
9728,train
9729,train
9730,train
9731,test
9732,train
9733,train
9734,test
9735,train
9736,test
9737,train
9738,train
9739,train
9740,train
9741,train
9742,train
9743,train
9744,train
9745,train
9746,train
9747,train
9748,train
9749,train
9750,train
9751,train
9752,train
9753,train
9754,train
9755,test
9756,train
9757,train
9758,test
9759,train
9760,train
9761,test
9762,train
9763,train
9764,train
9765,train
9766,train
9767,train
9768,train
9769,test
9770,train
9771,train
9772,train
9773,train
9774,train
9775,train
9776,train
9777,train
9778,train
9779,train
9780,train
9781,train
9782,train
9783,test
9784,test
9785,train
9786,train
9787,train
9788,train
9789,train
9790,train
9791,train
9792,train
9793,train
9794,train
9795,train
9796,train
9797,train
9798,test
9799,train
9800,train
9801,train
9802,train
9803,train
9804,train
9805,train
9806,train
9807,train
9808,test
9809,train
9810,train
9811,test
9812,train
9813,train
9814,test
9815,train
9816,train
9817,train
9818,train
9819,train
9820,train
9821,train
9822,test
9823,train
9824,train
9825,train
9826,train
9827,train
9828,train
9829,train
9830,train
9831,train
9832,test
9833,train
9834,test
9835,test
9836,test
9837,train
9838,test
9839,train
9840,train
9841,train
9842,train
9843,train
9844,train
9845,train
9846,train
9847,train
9848,train
9849,train
9850,train
9851,train
9852,train
9853,train
9854,test
9855,train
9856,train
9857,train
9858,train
9859,test
9860,train
9861,train
9862,train
9863,train
9864,test
9865,test
9866,train
9867,test
9868,train
9869,train
9870,train
9871,train
9872,train
9873,train
9874,train
9875,train
9876,train
9877,train
9878,train
9879,train
9880,train
9881,train
9882,train
9883,train
9884,train
9885,train
9886,train
9887,test
9888,train
9889,train
9890,train
9891,test
9892,train
9893,test
9894,train
9895,train
9896,train
9897,train
9898,train
9899,train
9900,train
9901,train
9902,test
9903,test
9904,train
9905,train
9906,test
9907,train
9908,train
9909,train
9910,train
9911,train
9912,train
9913,train
9914,train
9915,train
9916,train
9917,test
9918,train
9919,train
9920,train
9921,train
9922,test
9923,train
9924,train
9925,train
9926,train
9927,train
9928,train
9929,train
9930,test
9931,train
9932,train
9933,train
9934,train
9935,test
9936,test
9937,train
9938,train
9939,train
9940,train
9941,train
9942,train
9943,test
9944,test
9945,train
9946,train
9947,train
9948,train
9949,test
9950,train
9951,train
9952,test
9953,train
9954,test
9955,test
9956,train
9957,train
9958,train
9959,test
9960,train
9961,train
9962,train
9963,train
9964,train
9965,train
9966,train
9967,train
9968,train
9969,train
9970,test
9971,train
9972,train
9973,test
9974,train
9975,train
9976,train
9977,test
9978,test
9979,test
9980,train
9981,test
9982,train
9983,train
9984,test
9985,test
9986,test
9987,test
9988,train
9989,train
9990,train
9991,train
9992,train
9993,train
9994,train
9995,train
9996,train
9997,train
9998,train
9999,train
10000,train
10001,train
10002,train
10003,train
10004,train
10005,train
10006,train
10007,train
10008,train
10009,train
10010,train
10011,train
10012,train
10013,train
10014,test
10015,train
10016,train
10017,train
10018,train
10019,train
10020,train
10021,test
10022,train
10023,train
10024,train
10025,train
10026,test
10027,train
10028,train
10029,test
10030,train
10031,train
10032,train
10033,train
10034,train
10035,train
10036,train
10037,train
10038,test
10039,train
10040,train
10041,train
10042,train
10043,train
10044,train
10045,train
10046,train
10047,train
10048,train
10049,train
10050,train
10051,train
10052,train
10053,train
10054,test
10055,train
10056,train
10057,train
10058,train
10059,train
10060,train
10061,test
10062,train
10063,train
10064,train
10065,train
10066,test
10067,train
10068,train
10069,train
10070,train
10071,train
10072,train
10073,train
10074,train
10075,train
10076,train
10077,train
10078,train
10079,train
10080,train
10081,train
10082,train
10083,train
10084,test
10085,test
10086,test
10087,train
10088,train
10089,train
10090,train
10091,train
10092,train
10093,train
10094,train
10095,train
10096,train
10097,train
10098,test
10099,train
10100,train
10101,train
10102,train
10103,train
10104,train
10105,train
10106,train
10107,train
10108,train
10109,test
10110,test
10111,train
10112,train
10113,train
10114,train
10115,train
10116,train
10117,test
10118,train
10119,train
10120,train
10121,train
10122,train
10123,test
10124,train
10125,test
10126,train
10127,train
10128,test
10129,train
10130,test
10131,train
10132,train
10133,train
10134,train
10135,train
10136,train
10137,train
10138,train
10139,train
10140,test
10141,train
10142,train
10143,train
10144,train
10145,train
10146,train
10147,test
10148,train
10149,train
10150,train
10151,test
10152,test
10153,train
10154,train
10155,train
10156,train
10157,train
10158,test
10159,train
10160,train
10161,train
10162,train
10163,test
10164,train
10165,train
10166,test
10167,train
10168,train
10169,train
10170,train
10171,train
10172,test
10173,test
10174,train
10175,train
10176,test
10177,train
10178,train
10179,train
10180,train
10181,train
10182,test
10183,train
10184,train
10185,train
10186,test
10187,train
10188,train
10189,train
10190,train
10191,train
10192,train
10193,test
10194,train
10195,train
10196,train
10197,train
10198,train
10199,train
10200,train
10201,train
10202,train
10203,train
10204,train
10205,test
10206,test
10207,train
10208,train
10209,train
10210,train
10211,train
10212,test
10213,train
10214,train
10215,test
10216,train
10217,test
10218,train
10219,train
10220,test
10221,train
10222,test
10223,train
10224,train
10225,train
10226,train
10227,train
10228,train
10229,train
10230,test
10231,test
10232,train
10233,train
10234,train
10235,train
10236,train
10237,test
10238,train
10239,train
10240,train
10241,train
10242,train
10243,test
10244,train
10245,train
10246,test
10247,test
10248,test
10249,test
10250,test
10251,test
10252,train
10253,test
10254,train
10255,train
10256,train
10257,train
10258,test
10259,train
10260,train
10261,train
10262,train
10263,test
10264,train
10265,test
10266,train
10267,test
10268,train
10269,train
10270,train
10271,train
10272,train
10273,train
10274,train
10275,train
10276,train
10277,test
10278,train
10279,test
10280,train
10281,test
10282,train
10283,test
10284,train
10285,train
10286,train
10287,train
10288,train
10289,train
10290,train
10291,train
10292,test
10293,train
10294,train
10295,test
10296,train
10297,train
10298,train
10299,train
10300,test
10301,train
10302,train
10303,test
10304,train
10305,train
10306,train
10307,train
10308,test
10309,train
10310,train
10311,train
10312,train
10313,train
10314,test
10315,train
10316,train
10317,train
10318,test
10319,test
10320,train
10321,train
10322,train
10323,train
10324,test
10325,train
10326,train
10327,train
10328,train
10329,test
10330,train
10331,train
10332,train
10333,train
10334,train
10335,train
10336,train
10337,train
10338,test
10339,train
10340,train
10341,train
10342,test
10343,train
10344,train
10345,train
10346,train
10347,train
10348,train
10349,test
10350,train
10351,train
10352,train
10353,train
10354,train
10355,train
10356,train
10357,train
10358,train
10359,test
10360,train
10361,train
10362,train
10363,train
10364,test
10365,train
10366,train
10367,train
10368,train
10369,train
10370,train
10371,train
10372,train
10373,train
10374,train
10375,train
10376,train
10377,train
10378,train
10379,train
10380,train
10381,train
10382,train
10383,train
10384,train
10385,test
10386,train
10387,train
10388,train
10389,train
10390,train
10391,test
10392,train
10393,train
10394,train
10395,train
10396,train
10397,test
10398,test
10399,train
10400,train
10401,train
10402,train
10403,test
10404,train
10405,train
10406,train
10407,train
10408,train
10409,train
10410,train
10411,test
10412,train
10413,train
10414,test
10415,test
10416,train
10417,train
10418,train
10419,test
10420,train
10421,test
10422,train
10423,train
10424,train
10425,train
10426,train
10427,train
10428,test
10429,train
10430,train
10431,train
10432,test
10433,train
10434,train
10435,train
10436,train
10437,train
10438,train
10439,train
10440,train
10441,train
10442,train
10443,train
10444,train
10445,train
10446,train
10447,train
10448,train
10449,train
10450,train
10451,test
10452,train
10453,test
10454,train
10455,train
10456,train
10457,train
10458,train
10459,train
10460,train
10461,train
10462,train
10463,train
10464,train
10465,train
10466,test
10467,test
10468,train
10469,train
10470,train
10471,train
10472,train
10473,train
10474,test
10475,train
10476,train
10477,train
10478,train
10479,train
10480,test
10481,test
10482,train
10483,test
10484,train
10485,train
10486,train
10487,train
10488,train
10489,train
10490,train
10491,train
10492,train
10493,train
10494,train
10495,train
10496,train
10497,test
10498,train
10499,train
10500,train
10501,train
10502,train
10503,train
10504,test
10505,train
10506,train
10507,train
10508,train
10509,train
10510,train
10511,train
10512,train
10513,test
10514,train
10515,train
10516,train
10517,train
10518,train
10519,train
10520,test
10521,train
10522,test
10523,train
10524,test
10525,train
10526,train
10527,train
10528,test
10529,train
10530,train
10531,train
10532,train
10533,train
10534,train
10535,train
10536,train
10537,train
10538,train
10539,train
10540,train
10541,train
10542,train
10543,train
10544,train
10545,test
10546,train
10547,train
10548,train
10549,train
10550,test
10551,train
10552,train
10553,train
10554,train
10555,train
10556,train
10557,test
10558,train
10559,test
10560,test
10561,train
10562,train
10563,train
10564,test
10565,train
10566,train
10567,train
10568,train
10569,train
10570,train
10571,train
10572,train
10573,train
10574,train
10575,test
10576,train
10577,train
10578,train
10579,train
10580,train
10581,train
10582,train
10583,train
10584,train
10585,train
10586,train
10587,train
10588,test
10589,test
10590,test
10591,train
10592,train
10593,test
10594,train
10595,train
10596,train
10597,train
10598,test
10599,train
10600,train
10601,train
10602,train
10603,train
10604,train
10605,train
10606,train
10607,test
10608,train
10609,train
10610,train
10611,train
10612,train
10613,test
10614,train
10615,train
10616,train
10617,train
10618,train
10619,train
10620,train
10621,train
10622,train
10623,test
10624,test
10625,train
10626,test
10627,test
10628,train
10629,train
10630,test
10631,train
10632,train
10633,test
10634,train
10635,train
10636,train
10637,train
10638,train
10639,train
10640,test
10641,train
10642,test
10643,train
10644,test
10645,train
10646,train
10647,train
10648,test
10649,train
10650,test
10651,train
10652,train
10653,train
10654,test
10655,train
10656,train
10657,train
10658,train
10659,test
10660,train
10661,test
10662,train
10663,train
10664,test
10665,test
10666,train
10667,test
10668,train
10669,train
10670,train
10671,train
10672,train
10673,test
10674,train
10675,train
10676,train
10677,train
10678,test
10679,train
10680,train
10681,train
10682,train
10683,train
10684,train
10685,train
10686,train
10687,train
10688,test
10689,test
10690,train
10691,train
10692,train
10693,train
10694,train
10695,train
10696,train
10697,train
10698,train
10699,test
10700,test
10701,train
10702,train
10703,train
10704,train
10705,train
10706,train
10707,test
10708,train
10709,test
10710,train
10711,train
10712,train
10713,test
10714,train
10715,test
10716,train
10717,train
10718,train
10719,train
10720,test
10721,train
10722,train
10723,train
10724,test
10725,train
10726,train
10727,train
10728,train
10729,train
10730,train
10731,train
10732,test
10733,train
10734,test
10735,train
10736,train
10737,train
10738,train
10739,train
10740,test
10741,train
10742,train
10743,train
10744,train
10745,test
10746,train
10747,train
10748,train
10749,train
10750,test
10751,train
10752,train
10753,train
10754,train
10755,train
10756,test
10757,train
10758,train
10759,test
10760,train
10761,train
10762,train
10763,train
10764,train
10765,train
10766,test
10767,test
10768,train
10769,test
10770,train
10771,train
10772,train
10773,test
10774,train
10775,train
10776,train
10777,train
10778,test
10779,train
10780,test
10781,train
10782,train
10783,train
10784,train
10785,train
10786,train
10787,train
10788,train
10789,train
10790,test
10791,test
10792,train
10793,train
10794,test
10795,train
10796,train
10797,train
10798,train
10799,test
10800,train
10801,train
10802,train
10803,test
10804,test
10805,train
10806,train
10807,train
10808,train
10809,train
10810,train
10811,test
10812,train
10813,train
10814,train
10815,train
10816,train
10817,train
10818,test
10819,test
10820,test
10821,train
10822,train
10823,test
10824,test
10825,train
10826,test
10827,train
10828,train
10829,test
10830,train
10831,test
10832,test
10833,test
10834,test
10835,train
10836,train
10837,train
10838,train
10839,train
10840,train
10841,train
10842,train
10843,train
10844,train
10845,train
10846,train
10847,train
10848,test
10849,train
10850,test
10851,train
10852,train
10853,train
10854,train
10855,train
10856,train
10857,train
10858,train
10859,train
10860,test
10861,train
10862,test
10863,test
10864,test
10865,train
10866,train
10867,train
10868,test
10869,train
10870,train
10871,train
10872,train
10873,train
10874,train
10875,test
10876,train
10877,train
10878,train
10879,train
10880,test
10881,train
10882,train
10883,test
10884,train
10885,train
10886,train
10887,train
10888,train
10889,train
10890,train
10891,test
10892,test
10893,train
10894,train
10895,train
10896,train
10897,test
10898,train
10899,train
10900,test
10901,train
10902,test
10903,test
10904,train
10905,train
10906,test
10907,train
10908,train
10909,train
10910,train
10911,train
10912,test
10913,train
10914,train
10915,train
10916,train
10917,train
10918,train
10919,test
10920,train
10921,train
10922,test
10923,train
10924,test
10925,train
10926,test
10927,test
10928,train
10929,train
10930,train
10931,train
10932,train
10933,train
10934,train
10935,test
10936,train
10937,train
10938,train
10939,train
10940,train
10941,train
10942,test
10943,train
10944,train
10945,train
10946,train
10947,train
10948,train
10949,test
10950,train
10951,train
10952,train
10953,test
10954,train
10955,train
10956,train
10957,train
10958,train
10959,train
10960,train
10961,test
10962,train
10963,train
10964,train
10965,train
10966,train
10967,train
10968,test
10969,train
10970,train
10971,test
10972,train
10973,train
10974,train
10975,test
10976,train
10977,train
10978,train
10979,train
10980,train
10981,train
10982,train
10983,train
10984,train
10985,train
10986,train
10987,train
10988,test
10989,train
10990,train
10991,test
10992,train
10993,train
10994,test
10995,train
10996,test
10997,train
10998,train
10999,train
11000,train
11001,train
11002,train
11003,train
11004,train
11005,train
11006,test
11007,train
11008,train
11009,train
11010,train
11011,train
11012,train
11013,train
11014,train
11015,train
11016,train
11017,train
11018,train
11019,train
11020,train
11021,train
11022,train
11023,train
11024,train
11025,train
11026,train
11027,train
11028,train
11029,train
11030,test
11031,train
11032,train
11033,train
11034,test
11035,train
11036,train
11037,train
11038,train
11039,train
11040,train
11041,test
11042,test
11043,test
11044,train
11045,train
11046,train
11047,train
11048,train
11049,train
11050,train
11051,train
11052,test
11053,test
11054,train
11055,train
11056,train
11057,train
11058,train
11059,train
11060,test
11061,train
11062,test
11063,train
11064,train
11065,train
11066,train
11067,test
11068,train
11069,train
11070,test
11071,train
11072,train
11073,test
11074,train
11075,test
11076,train
11077,train
11078,train
11079,test
11080,test
11081,train
11082,test
11083,train
11084,train
11085,train
11086,train
11087,train
11088,train
11089,train
11090,train
11091,train
11092,train
11093,test
11094,train
11095,train
11096,train
11097,train
11098,train
11099,test
11100,test
11101,train
11102,train
11103,train
11104,train
11105,train
11106,test
11107,test
11108,train
11109,train
11110,test
11111,test
11112,train
11113,test
11114,train
11115,train
11116,train
11117,train
11118,train
11119,train
11120,train
11121,train
11122,train
11123,train
11124,test
11125,train
11126,train
11127,train
11128,train
11129,train
11130,train
11131,test
11132,train
11133,train
11134,train
11135,train
11136,train
11137,train
11138,train
11139,train
11140,train
11141,train
11142,train
11143,test
11144,train
11145,train
11146,train
11147,train
11148,train
11149,train
11150,train
11151,train
11152,train
11153,train
11154,train
11155,train
11156,train
11157,train
11158,train
11159,train
11160,train
11161,test
11162,train
11163,train
11164,train
11165,train
11166,train
11167,train
11168,train
11169,train
11170,train
11171,test
11172,train
11173,train
11174,train
11175,train
11176,train
11177,train
11178,train
11179,test
11180,train
11181,train
11182,test
11183,train
11184,train
11185,test
11186,test
11187,train
11188,train
11189,test
11190,train
11191,train
11192,train
11193,train
11194,test
11195,train
11196,train
11197,train
11198,test
11199,train
11200,test
11201,train
11202,train
11203,train
11204,train
11205,train
11206,test
11207,train
11208,test
11209,train
11210,train
11211,train
11212,train
11213,train
11214,train
11215,train
11216,test
11217,train
11218,train
11219,train
11220,train
11221,train
11222,train
11223,train
11224,train
11225,train
11226,train
11227,train
11228,train
11229,test
11230,train
11231,train
11232,test
11233,train
11234,test
11235,test
11236,train
11237,train
11238,train
11239,train
11240,train
11241,test
11242,train
11243,train
11244,test
11245,train
11246,test
11247,train
11248,train
11249,test
11250,test
11251,test
11252,test
11253,train
11254,train
11255,train
11256,train
11257,train
11258,train
11259,test
11260,test
11261,train
11262,train
11263,test
11264,train
11265,train
11266,train
11267,train
11268,test
11269,train
11270,train
11271,train
11272,train
11273,train
11274,train
11275,train
11276,train
11277,train
11278,train
11279,train
11280,test
11281,train
11282,train
11283,test
11284,train
11285,test
11286,train
11287,train
11288,train
11289,train
11290,train
11291,train
11292,train
11293,train
11294,train
11295,train
11296,train
11297,train
11298,train
11299,train
11300,test
11301,train
11302,train
11303,train
11304,train
11305,train
11306,train
11307,train
11308,train
11309,train
11310,train
11311,train
11312,test
11313,train
11314,train
11315,train
11316,train
11317,train
11318,test
11319,train
11320,train
11321,train
11322,train
11323,train
11324,train
11325,test
11326,train
11327,train
11328,train
11329,train
11330,train
11331,test
11332,train
11333,test
11334,train
11335,train
11336,train
11337,train
11338,train
11339,test
11340,test
11341,train
11342,train
11343,train
11344,train
11345,train
11346,train
11347,train
11348,train
11349,train
11350,test
11351,train
11352,train
11353,train
11354,train
11355,train
11356,train
11357,train
11358,train
11359,test
11360,train
11361,train
11362,train
11363,test
11364,train
11365,train
11366,train
11367,train
11368,train
11369,train
11370,train
11371,train
11372,train
11373,train
11374,train
11375,test
11376,train
11377,train
11378,train
11379,train
11380,train
11381,test
11382,test
11383,train
11384,train
11385,train
11386,test
11387,test
11388,train
11389,test
11390,train
11391,test
11392,train
11393,test
11394,train
11395,train
11396,train
11397,train
11398,train
11399,train
11400,train
11401,train
11402,train
11403,train
11404,train
11405,train
11406,train
11407,test
11408,test
11409,train
11410,train
11411,train
11412,train
11413,train
11414,train
11415,test
11416,train
11417,test
11418,train
11419,train
11420,train
11421,train
11422,train
11423,test
11424,train
11425,train
11426,train
11427,train
11428,train
11429,train
11430,train
11431,train
11432,train
11433,train
11434,train
11435,train
11436,train
11437,train
11438,train
11439,train
11440,train
11441,test
11442,test
11443,train
11444,test
11445,train
11446,train
11447,train
11448,train
11449,train
11450,test
11451,test
11452,train
11453,train
11454,train
11455,train
11456,train
11457,train
11458,train
11459,train
11460,test
11461,test
11462,test
11463,train
11464,train
11465,train
11466,train
11467,train
11468,train
11469,test
11470,train
11471,train
11472,train
11473,test
11474,train
11475,train
11476,test
11477,train
11478,train
11479,train
11480,train
11481,train
11482,train
11483,train
11484,train
11485,train
11486,test
11487,train
11488,train
11489,test
11490,test
11491,train
11492,train
11493,train
11494,test
11495,train
11496,train
11497,train
11498,train
11499,train
11500,train
11501,test
11502,train
11503,train
11504,test
11505,test
11506,train
11507,train
11508,train
11509,train
11510,train
11511,test
11512,train
11513,train
11514,train
11515,test
11516,train
11517,train
11518,train
11519,test
11520,train
11521,train
11522,test
11523,train
11524,train
11525,train
11526,train
11527,test
11528,train
11529,train
11530,train
11531,train
11532,train
11533,train
11534,train
11535,train
11536,train
11537,train
11538,train
11539,train
11540,train
11541,train
11542,test
11543,train
11544,train
11545,train
11546,train
11547,test
11548,train
11549,train
11550,test
11551,train
11552,train
11553,test
11554,train
11555,test
11556,train
11557,test
11558,train
11559,test
11560,train
11561,train
11562,train
11563,test
11564,train
11565,test
11566,test
11567,train
11568,train
11569,train
11570,train
11571,train
11572,train
11573,test
11574,test
11575,train
11576,train
11577,train
11578,test
11579,train
11580,train
11581,train
11582,train
11583,train
11584,train
11585,train
11586,train
11587,train
11588,train
11589,train
11590,train
11591,train
11592,train
11593,train
11594,train
11595,test
11596,test
11597,train
11598,train
11599,train
11600,train
11601,train
11602,train
11603,train
11604,train
11605,train
11606,train
11607,train
11608,test
11609,train
11610,test
11611,test
11612,train
11613,train
11614,test
11615,train
11616,test
11617,train
11618,train
11619,train
11620,train
11621,train
11622,train
11623,test
11624,train
11625,train
11626,test
11627,train
11628,train
11629,train
11630,train
11631,train
11632,train
11633,train
11634,train
11635,test
11636,test
11637,train
11638,test
11639,test
11640,train
11641,test
11642,train
11643,test
11644,train
11645,test
11646,train
11647,train
11648,train
11649,train
11650,train
11651,train
11652,train
11653,train
11654,train
11655,train
11656,train
11657,train
11658,test
11659,train
11660,test
11661,train
11662,test
11663,train
11664,train
11665,train
11666,train
11667,train
11668,train
11669,test
11670,test
11671,train
11672,train
11673,test
11674,test
11675,test
11676,train
11677,train
11678,train
11679,test
11680,train
11681,train
11682,train
11683,train
11684,train
11685,train
11686,test
11687,train
11688,train
11689,train
11690,train
11691,train
11692,train
11693,test
11694,train
11695,train
11696,train
11697,test
11698,train
11699,train
11700,train
11701,train
11702,test
11703,test
11704,train
11705,train
11706,train
11707,train
11708,train
11709,train
11710,train
11711,train
11712,train
11713,train
11714,train
11715,train
11716,train
11717,train
11718,test
11719,train
11720,test
11721,train
11722,test
11723,train
11724,train
11725,train
11726,test
11727,train
11728,train
11729,train
11730,test
11731,train
11732,train
11733,train
11734,test
11735,test
11736,train
11737,train
11738,test
11739,train
11740,train
11741,train
11742,train
11743,train
11744,train
11745,test
11746,train
11747,test
11748,train
11749,train
11750,train
11751,train
11752,train
11753,train
11754,train
11755,train
11756,train
11757,train
11758,train
11759,train
11760,train
11761,train
11762,train
11763,train
11764,test
11765,test
11766,train
11767,test
11768,train
11769,train
11770,train
11771,train
11772,test
11773,test
11774,train
11775,test
11776,test
11777,train
11778,train
11779,train
11780,train
11781,test
11782,train
11783,train
11784,train
11785,test
11786,train
11787,train
11788,test
11789,train
11790,train
11791,train
11792,train
11793,train
11794,test
11795,test
11796,train
11797,train
11798,train
11799,test
11800,train
11801,train
11802,train
11803,test
11804,train
11805,train
11806,train
11807,train
11808,train
11809,train
11810,train
11811,train
11812,train
11813,train
11814,train
11815,train
11816,train
11817,train
11818,test
11819,test
11820,test
11821,train
11822,train
11823,train
11824,train
11825,train
11826,test
11827,train
11828,train
11829,train
11830,test
11831,train
11832,train
11833,train
11834,train
11835,test
11836,test
11837,train
11838,test
11839,train
11840,train
11841,train
11842,train
11843,train
11844,train
11845,train
11846,train
11847,train
11848,test
11849,test
11850,train
11851,train
11852,train
11853,train
11854,train
11855,test
11856,train
11857,train
11858,test
11859,train
11860,train
11861,test
11862,train
11863,train
11864,train
11865,train
11866,train
11867,train
11868,train
11869,test
11870,train
11871,train
11872,train
11873,test
11874,train
11875,train
11876,train
11877,train
11878,train
11879,train
11880,train
11881,train
11882,train
11883,test
11884,train
11885,train
11886,train
11887,test
11888,train
11889,train
11890,train
11891,train
11892,train
11893,train
11894,train
11895,train
11896,test
11897,train
11898,train
11899,train
11900,train
11901,train
11902,train
11903,train
11904,train
11905,train
11906,test
11907,train
11908,test
11909,train
11910,train
11911,test
11912,train
11913,train
11914,train
11915,train
11916,test
11917,test
11918,train
11919,test
11920,train
11921,train
11922,train
11923,train
11924,train
11925,train
11926,train
11927,train
11928,test
11929,train
11930,train
11931,test
11932,train
11933,test
11934,train
11935,train
11936,train
11937,test
11938,train
11939,train
11940,train
11941,train
11942,train
11943,test
11944,train
11945,test
11946,train
11947,test
11948,train
11949,test
11950,train
11951,train
11952,test
11953,test
11954,train
11955,test
11956,train
11957,train
11958,train
11959,train
11960,train
11961,train
11962,train
11963,train
11964,train
11965,train
11966,train
11967,train
11968,train
11969,train
11970,train
11971,test
11972,train
11973,train
11974,train
11975,train
11976,test
11977,train
11978,train
11979,train
11980,train
11981,train
11982,train
11983,train
11984,train
11985,train
11986,train
11987,train
11988,train
11989,train
11990,test
11991,train
11992,train
11993,train
11994,train
11995,train
11996,train
11997,train
11998,test
11999,train
12000,test
12001,train
12002,train
12003,train
12004,test
12005,train
12006,train
12007,train
12008,train
12009,test
12010,train
12011,test
12012,train
12013,train
12014,train
12015,train
12016,train
12017,train
12018,train
12019,train
12020,test
12021,test
12022,train
12023,train
12024,train
12025,test
12026,test
12027,train
12028,train
12029,train
12030,test
12031,test
12032,test
12033,test
12034,train
12035,train
12036,test
12037,train
12038,test
12039,train
12040,train
12041,train
12042,train
12043,test
12044,train
12045,train
12046,test
12047,train
12048,train
12049,train
12050,train
12051,test
12052,test
12053,train
12054,train
12055,train
12056,train
12057,train
12058,train
12059,train
12060,train
12061,train
12062,train
12063,train
12064,train
12065,train
12066,train
12067,train
12068,train
12069,train
12070,train
12071,test
12072,train
12073,train
12074,test
12075,train
12076,train
12077,train
12078,train
12079,train
12080,train
12081,train
12082,train
12083,test
12084,train
12085,test
12086,train
12087,train
12088,train
12089,train
12090,train
12091,train
12092,train
12093,train
12094,train
12095,test
12096,train
12097,test
12098,train
12099,train
12100,train
12101,train
12102,train
12103,test
12104,train
12105,train
12106,train
12107,train
12108,train
12109,train
12110,train
12111,train
12112,train
12113,train
12114,train
12115,train
12116,train
12117,train
12118,train
12119,train
12120,train
12121,test
12122,test
12123,train
12124,train
12125,test
12126,train
12127,test
12128,test
12129,train
12130,test
12131,train
12132,train
12133,train
12134,train
12135,train
12136,train
12137,train
12138,train
12139,train
12140,train
12141,train
12142,train
12143,train
12144,train
12145,test
12146,train
12147,train
12148,train
12149,test
12150,train
12151,train
12152,train
12153,train
12154,train
12155,train
12156,train
12157,test
12158,train
12159,train
12160,train
12161,train
12162,test
12163,train
12164,train
12165,train
12166,train
12167,train
12168,train
12169,test
12170,test
12171,test
12172,train
12173,test
12174,train
12175,train
12176,train
12177,train
12178,test
12179,train
12180,test
12181,test
12182,train
12183,train
12184,train
12185,train
12186,train
12187,train
12188,train
12189,train
12190,train
12191,test
12192,train
12193,train
12194,test
12195,train
12196,train
12197,test
12198,train
12199,train
12200,train
12201,train
12202,train
12203,train
12204,train
12205,train
12206,train
12207,train
12208,train
12209,train
12210,train
12211,train
12212,train
12213,test
12214,train
12215,test
12216,train
12217,train
12218,train
12219,train
12220,train
12221,train
12222,train
12223,train
12224,train
12225,train
12226,train
12227,test
12228,test
12229,test
12230,train
12231,train
12232,test
12233,test
12234,train
12235,train
12236,train
12237,train
12238,test
12239,train
12240,train
12241,train
12242,train
12243,train
12244,test
12245,train
12246,train
12247,train
12248,train
12249,train
12250,test
12251,test
12252,train
12253,train
12254,train
12255,train
12256,train
12257,test
12258,train
12259,test
12260,train
12261,train
12262,test
12263,train
12264,test
12265,train
12266,test
12267,test
12268,train
12269,test
12270,train
12271,train
12272,test
12273,train
12274,train
12275,train
12276,train
12277,train
12278,train
12279,train
12280,train
12281,test
12282,train
12283,test
12284,train
12285,test
12286,train
12287,train
12288,train
12289,train
12290,test
12291,train
12292,test
12293,train
12294,train
12295,train
12296,train
12297,train
12298,train
12299,train
12300,train
12301,train
12302,train
12303,test
12304,train
12305,train
12306,train
12307,train
12308,train
12309,train
12310,train
12311,train
12312,train
12313,train
12314,train
12315,train
12316,train
12317,train
12318,test
12319,train
12320,test
12321,train
12322,test
12323,test
12324,train
12325,train
12326,train
12327,train
12328,train
12329,train
12330,train
12331,train
12332,train
12333,train
12334,train
12335,test
12336,train
12337,test
12338,train
12339,test
12340,test
12341,train
12342,train
12343,train
12344,test
12345,train
12346,test
12347,train
12348,train
12349,train
12350,train
12351,test
12352,train
12353,train
12354,train
12355,train
12356,train
12357,train
12358,train
12359,train
12360,train
12361,test
12362,train
12363,train
12364,test
12365,train
12366,train
12367,train
12368,train
12369,train
12370,train
12371,train
12372,train
12373,train
12374,train
12375,test
12376,train
12377,train
12378,train
12379,train
12380,train
12381,train
12382,train
12383,test
12384,test
12385,train
12386,train
12387,train
12388,train
12389,train
12390,train
12391,train
12392,test
12393,train
12394,train
12395,train
12396,train
12397,train
12398,test
12399,train
12400,train
12401,train
12402,test
12403,train
12404,train
12405,train
12406,train
12407,train
12408,train
12409,test
12410,train
12411,train
12412,train
12413,test
12414,test
12415,test
12416,test
12417,test
12418,train
12419,train
12420,train
12421,train
12422,train
12423,test
12424,test
12425,test
12426,train
12427,train
12428,train
12429,train
12430,test
12431,train
12432,train
12433,test
12434,train
12435,train
12436,train
12437,train
12438,train
12439,train
12440,train
12441,train
12442,train
12443,test
12444,test
12445,train
12446,train
12447,train
12448,test
12449,train
12450,train
12451,train
12452,train
12453,train
12454,train
12455,train
12456,train
12457,train
12458,train
12459,train
12460,train
12461,test
12462,train
12463,train
12464,train
12465,train
12466,train
12467,train
12468,train
12469,train
12470,train
12471,train
12472,test
12473,train
12474,train
12475,train
12476,train
12477,train
12478,train
12479,train
12480,train
12481,train
12482,train
12483,test
12484,train
12485,train
12486,train
12487,train
12488,test
12489,train
12490,train
12491,train
12492,train
12493,train
12494,train
12495,train
12496,train
12497,train
12498,train
12499,train
12500,test
12501,train
12502,test
12503,train
12504,test
12505,train
12506,train
12507,test
12508,train
12509,train
12510,train
12511,train
12512,train
12513,test
12514,train
12515,train
12516,train
12517,train
12518,train
12519,train
12520,train
12521,train
12522,train
12523,train
12524,train
12525,train
12526,train
12527,train
12528,train
12529,train
12530,train
12531,train
12532,train
12533,train
12534,train
12535,train
12536,train
12537,train
12538,test
12539,test
12540,train
12541,train
12542,test
12543,train
12544,train
12545,train
12546,train
12547,train
12548,train
12549,train
12550,train
12551,train
12552,train
12553,train
12554,test
12555,train
12556,test
12557,train
12558,test
12559,train
12560,train
12561,train
12562,train
12563,test
12564,test
12565,train
12566,train
12567,train
12568,train
12569,train
12570,train
12571,train
12572,train
12573,train
12574,train
12575,test
12576,train
12577,train
12578,train
12579,train
12580,train
12581,train
12582,train
12583,train
12584,train
12585,train
12586,train
12587,test
12588,train
12589,train
12590,test
12591,train
12592,test
12593,train
12594,test
12595,train
12596,test
12597,train
12598,train
12599,train
12600,train
12601,train
12602,test
12603,train
12604,train
12605,train
12606,train
12607,train
12608,train
12609,train
12610,train
12611,train
12612,train
12613,train
12614,train
12615,train
12616,train
12617,train
12618,train
12619,train
12620,train
12621,train
12622,train
12623,test
12624,train
12625,train
12626,train
12627,train
12628,train
12629,train
12630,train
12631,test
12632,train
12633,test
12634,train
12635,train
12636,train
12637,train
12638,train
12639,train
12640,train
12641,train
12642,train
12643,train
12644,train
12645,train
12646,train
12647,train
12648,train
12649,train
12650,train
12651,train
12652,train
12653,train
12654,train
12655,train
12656,train
12657,train
12658,train
12659,train
12660,train
12661,train
12662,train
12663,train
12664,train
12665,train
12666,train
12667,test
12668,train
12669,train
12670,train
12671,train
12672,train
12673,test
12674,train
12675,train
12676,train
12677,train
12678,train
12679,test
12680,train
12681,train
12682,train
12683,test
12684,train
12685,train
12686,test
12687,train
12688,train
12689,train
12690,train
12691,test
12692,train
12693,test
12694,train
12695,train
12696,test
12697,train
12698,test
12699,train
12700,train
12701,train
12702,train
12703,test
12704,train
12705,train
12706,train
12707,train
12708,train
12709,train
12710,train
12711,train
12712,train
12713,train
12714,train
12715,train
12716,train
12717,test
12718,train
12719,train
12720,train
12721,train
12722,train
12723,train
12724,train
12725,train
12726,train
12727,train
12728,train
12729,train
12730,train
12731,train
12732,test
12733,test
12734,train
12735,train
12736,train
12737,train
12738,train
12739,test
12740,train
12741,train
12742,train
12743,test
12744,test
12745,train
12746,test
12747,train
12748,train
12749,train
12750,train
12751,train
12752,train
12753,train
12754,train
12755,train
12756,train
12757,train
12758,test
12759,train
12760,train
12761,train
12762,train
12763,train
12764,train
12765,train
12766,train
12767,train
12768,test
12769,test
12770,train
12771,train
12772,train
12773,train
12774,train
12775,train
12776,train
12777,test
12778,test
12779,train
12780,test
12781,train
12782,test
12783,train
12784,test
12785,test
12786,train
12787,train
12788,train
12789,train
12790,train
12791,train
12792,test
12793,train
12794,train
12795,train
12796,train
12797,train
12798,train
12799,test
12800,train
12801,train
12802,train
12803,train
12804,test
12805,test
12806,train
12807,train
12808,train
12809,train
12810,test
12811,train
12812,train
12813,test
12814,test
12815,train
12816,train
12817,train
12818,train
12819,train
12820,test
12821,train
12822,train
12823,train
12824,test
12825,train
12826,train
12827,train
12828,train
12829,test
12830,test
12831,train
12832,train
12833,train
12834,train
12835,test
12836,train
12837,train
12838,train
12839,train
12840,train
12841,train
12842,train
12843,train
12844,train
12845,train
12846,train
12847,train
12848,train
12849,test
12850,train
12851,train
12852,train
12853,train
12854,train
12855,test
12856,train
12857,test
12858,train
12859,train
12860,test
12861,train
12862,train
12863,test
12864,test
12865,train
12866,train
12867,test
12868,train
12869,train
12870,train
12871,train
12872,train
12873,train
12874,test
12875,train
12876,train
12877,train
12878,train
12879,train
12880,train
12881,train
12882,test
12883,train
12884,train
12885,train
12886,train
12887,train
12888,train
12889,train
12890,train
12891,train
12892,train
12893,train
12894,train
12895,test
12896,train
12897,train
12898,train
12899,train
12900,test
12901,train
12902,train
12903,train
12904,test
12905,train
12906,train
12907,train
12908,train
12909,train
12910,train
12911,test
12912,test
12913,train
12914,train
12915,train
12916,train
12917,train
12918,train
12919,train
12920,test
12921,train
12922,train
12923,train
12924,train
12925,train
12926,train
12927,test
12928,train
12929,train
12930,train
12931,test
12932,train
12933,train
12934,train
12935,train
12936,train
12937,train
12938,train
12939,test
12940,train
12941,train
12942,train
12943,train
12944,train
12945,train
12946,train
12947,test
12948,test
12949,test
12950,train
12951,train
12952,train
12953,train
12954,train
12955,train
12956,train
12957,train
12958,test
12959,test
12960,train
12961,test
12962,train
12963,test
12964,train
12965,train
12966,test
12967,test
12968,train
12969,train
12970,train
12971,train
12972,test
12973,train
12974,train
12975,test
12976,train
12977,train
12978,train
12979,train
12980,train
12981,train
12982,test
12983,train
12984,test
12985,train
12986,train
12987,train
12988,train
12989,train
12990,train
12991,train
12992,train
12993,train
12994,train
12995,train
12996,test
12997,train
12998,test
12999,test
13000,train
13001,train
13002,train
13003,test
13004,train
13005,train
13006,test
13007,train
13008,train
13009,train
13010,train
13011,train
13012,train
13013,train
13014,train
13015,train
13016,train
13017,test
13018,train
13019,train
13020,train
13021,train
13022,train
13023,train
13024,test
13025,train
13026,train
13027,train
13028,test
13029,train
13030,train
13031,test
13032,train
13033,train
13034,test
13035,train
13036,train
13037,train
13038,train
13039,train
13040,test
13041,train
13042,train
13043,train
13044,train
13045,test
13046,test
13047,train
13048,train
13049,train
13050,test
13051,train
13052,train
13053,train
13054,train
13055,train
13056,train
13057,train
13058,train
13059,train
13060,test
13061,train
13062,test
13063,train
13064,train
13065,train
13066,test
13067,train
13068,train
13069,test
13070,train
13071,test
13072,train
13073,train
13074,train
13075,train
13076,test
13077,train
13078,test
13079,train
13080,train
13081,test
13082,train
13083,train
13084,test
13085,test
13086,train
13087,train
13088,train
13089,train
13090,test
13091,test
13092,train
13093,test
13094,train
13095,train
13096,train
13097,train
13098,train
13099,train
13100,train
13101,train
13102,train
13103,train
13104,train
13105,train
13106,train
13107,test
13108,train
13109,train
13110,train
13111,train
13112,train
13113,train
13114,train
13115,train
13116,train
13117,train
13118,train
13119,test
13120,train
13121,train
13122,train
13123,train
13124,train
13125,test
13126,test
13127,train
13128,train
13129,train
13130,train
13131,train
13132,train
13133,train
13134,train
13135,train
13136,train
13137,train
13138,train
13139,train
13140,test
13141,train
13142,train
13143,train
13144,test
13145,test
13146,train
13147,train
13148,train
13149,train
13150,train
13151,test
13152,train
13153,train
13154,train
13155,train
13156,train
13157,train
13158,train
13159,test
13160,train
13161,test
13162,train
13163,train
13164,test
13165,train
13166,train
13167,train
13168,test
13169,train
13170,test
13171,train
13172,train
13173,train
13174,train
13175,test
13176,train
13177,train
13178,train
13179,train
13180,train
13181,test
13182,train
13183,train
13184,train
13185,train
13186,train
13187,train
13188,train
13189,train
13190,train
13191,train
13192,train
13193,train
13194,train
13195,train
13196,train
13197,train
13198,train
13199,train
13200,train
13201,train
13202,test
13203,test
13204,train
13205,train
13206,train
13207,test
13208,train
13209,train
13210,train
13211,test
13212,train
13213,train
13214,train
13215,train
13216,test
13217,train
13218,train
13219,train
13220,test
13221,train
13222,test
13223,train
13224,train
13225,train
13226,test
13227,train
13228,train
13229,train
13230,train
13231,train
13232,train
13233,train
13234,train
13235,test
13236,train
13237,train
13238,train
13239,train
13240,train
13241,test
13242,train
13243,train
13244,test
13245,train
13246,train
13247,train
13248,train
13249,train
13250,train
13251,test
13252,train
13253,train
13254,train
13255,train
13256,train
13257,train
13258,train
13259,train
13260,train
13261,train
13262,train
13263,test
13264,train
13265,train
13266,test
13267,train
13268,train
13269,train
13270,train
13271,train
13272,train
13273,test
13274,train
13275,train
13276,train
13277,test
13278,test
13279,test
13280,train
13281,train
13282,train
13283,train
13284,train
13285,train
13286,train
13287,test
13288,train
13289,train
13290,train
13291,train
13292,train
13293,train
13294,train
13295,test
13296,train
13297,train
13298,train
13299,train
13300,train
13301,train
13302,train
13303,train
13304,train
13305,train
13306,train
13307,train
13308,train
13309,train
13310,train
13311,test
13312,train
13313,train
13314,train
13315,train
13316,test
13317,train
13318,train
13319,test
13320,train
13321,test
13322,train
13323,train
13324,train
13325,test
13326,train
13327,train
13328,train
13329,test
13330,train
13331,train
13332,test
13333,train
13334,test
13335,train
13336,train
13337,train
13338,train
13339,train
13340,test
13341,train
13342,train
13343,train
13344,train
13345,train
13346,train
13347,train
13348,train
13349,train
13350,train
13351,train
13352,train
13353,test
13354,train
13355,train
13356,test
13357,train
13358,train
13359,train
13360,train
13361,train
13362,train
13363,train
13364,test
13365,train
13366,train
13367,train
13368,train
13369,train
13370,train
13371,train
13372,train
13373,train
13374,test
13375,train
13376,test
13377,train
13378,test
13379,test
13380,train
13381,train
13382,train
13383,train
13384,train
13385,train
13386,train
13387,train
13388,train
13389,train
13390,train
13391,test
13392,train
13393,train
13394,train
13395,train
13396,train
13397,train
13398,train
13399,train
13400,train
13401,train
13402,train
13403,train
13404,train
13405,train
13406,train
13407,train
13408,train
13409,train
13410,train
13411,train
13412,train
13413,test
13414,test
13415,train
13416,train
13417,train
13418,test
13419,test
13420,train
13421,train
13422,train
13423,train
13424,train
13425,train
13426,test
13427,train
13428,test
13429,train
13430,train
13431,train
13432,train
13433,train
13434,train
13435,train
13436,test
13437,train
13438,train
13439,train
13440,train
13441,train
13442,train
13443,train
13444,train
13445,test
13446,train
13447,train
13448,train
13449,train
13450,train
13451,train
13452,train
13453,train
13454,train
13455,train
13456,train
13457,train
13458,train
13459,test
13460,train
13461,train
13462,train
13463,test
13464,train
13465,test
13466,train
13467,train
13468,train
13469,train
13470,train
13471,train
13472,train
13473,train
13474,test
13475,test
13476,train
13477,train
13478,train
13479,train
13480,train
13481,test
13482,train
13483,train
13484,train
13485,train
13486,train
13487,test
13488,train
13489,train
13490,test
13491,train
13492,train
13493,train
13494,test
13495,train
13496,test
13497,train
13498,test
13499,train
13500,train
13501,train
13502,test
13503,train
13504,test
13505,train
13506,test
13507,train
13508,train
13509,train
13510,train
13511,train
13512,test
13513,train
13514,train
13515,train
13516,train
13517,test
13518,train
13519,train
13520,train
13521,train
13522,train
13523,test
13524,test
13525,train
13526,train
13527,train
13528,train
13529,train
13530,train
13531,train
13532,train
13533,train
13534,train
13535,test
13536,train
13537,train
13538,train
13539,train
13540,test
13541,test
13542,train
13543,train
13544,train
13545,test
13546,train
13547,test
13548,train
13549,train
13550,train
13551,test
13552,train
13553,train
13554,train
13555,train
13556,train
13557,train
13558,train
13559,train
13560,train
13561,train
13562,train
13563,test
13564,train
13565,train
13566,train
13567,train
13568,test
13569,train
13570,train
13571,train
13572,train
13573,train
13574,train
13575,test
13576,train
13577,test
13578,train
13579,train
13580,train
13581,train
13582,train
13583,train
13584,train
13585,test
13586,test
13587,train
13588,train
13589,test
13590,test
13591,train
13592,train
13593,train
13594,train
13595,train
13596,train
13597,test
13598,train
13599,train
13600,test
13601,train
13602,train
13603,train
13604,test
13605,train
13606,train
13607,train
13608,train
13609,train
13610,train
13611,train
13612,train
13613,test
13614,train
13615,test
13616,train
13617,train
13618,test
13619,train
13620,train
13621,train
13622,train
13623,train
13624,test
13625,train
13626,train
13627,train
13628,train
13629,train
13630,train
13631,train
13632,train
13633,train
13634,test
13635,train
13636,train
13637,train
13638,train
13639,train
13640,train
13641,train
13642,test
13643,train
13644,test
13645,train
13646,train
13647,test
13648,train
13649,train
13650,train
13651,train
13652,train
13653,train
13654,train
13655,train
13656,test
13657,train
13658,train
13659,train
13660,train
13661,test
13662,test
13663,train
13664,train
13665,test
13666,train
13667,train
13668,train
13669,train
13670,train
13671,train
13672,test
13673,train
13674,test
13675,train
13676,train
13677,train
13678,train
13679,train
13680,train
13681,test
13682,train
13683,train
13684,train
13685,train
13686,train
13687,train
13688,train
13689,train
13690,train
13691,train
13692,train
13693,train
13694,train
13695,test
13696,train
13697,train
13698,train
13699,train
13700,train
13701,train
13702,train
13703,test
13704,train
13705,train
13706,train
13707,train
13708,train
13709,train
13710,test
13711,train
13712,train
13713,test
13714,train
13715,train
13716,train
13717,train
13718,train
13719,test
13720,train
13721,test
13722,train
13723,train
13724,train
13725,train
13726,train
13727,test
13728,train
13729,train
13730,train
13731,train
13732,train
13733,test
13734,test
13735,train
13736,train
13737,train
13738,train
13739,train
13740,train
13741,train
13742,train
13743,test
13744,train
13745,train
13746,train
13747,train
13748,train
13749,train
13750,test
13751,train
13752,test
13753,train
13754,train
13755,train
13756,train
13757,test
13758,train
13759,train
13760,train
13761,train
13762,train
13763,train
13764,train
13765,train
13766,train
13767,test
13768,train
13769,train
13770,train
13771,test
13772,train
13773,test
13774,train
13775,train
13776,train
13777,train
13778,train
13779,train
13780,train
13781,train
13782,train
13783,train
13784,test
13785,train
13786,train
13787,test
13788,train
13789,train
13790,train
13791,train
13792,train
13793,train
13794,train
13795,train
13796,train
13797,train
13798,train
13799,test
13800,train
13801,test
13802,test
13803,train
13804,test
13805,train
13806,train
13807,train
13808,train
13809,train
13810,test
13811,train
13812,train
13813,train
13814,test
13815,test
13816,train
13817,test
13818,train
13819,test
13820,train
13821,test
13822,test
13823,train
13824,test
13825,train
13826,train
13827,train
13828,train
13829,train
13830,train
13831,test
13832,train
13833,train
13834,train
13835,train
13836,test
13837,train
13838,train
13839,train
13840,train
13841,train
13842,train
13843,train
13844,train
13845,test
13846,test
13847,train
13848,test
13849,train
13850,train
13851,test
13852,train
13853,test
13854,train
13855,train
13856,train
13857,train
13858,train
13859,test
13860,train
13861,train
13862,train
13863,train
13864,train
13865,train
13866,test
13867,train
13868,train
13869,train
13870,train
13871,test
13872,test
13873,test
13874,train
13875,train
13876,train
13877,test
13878,test
13879,train
13880,train
13881,train
13882,train
13883,train
13884,train
13885,train
13886,train
13887,train
13888,train
13889,test
13890,test
13891,train
13892,train
13893,test
13894,train
13895,train
13896,train
13897,train
13898,train
13899,train
13900,train
13901,train
13902,test
13903,test
13904,train
13905,train
13906,test
13907,test
13908,train
13909,test
13910,train
13911,train
13912,train
13913,train
13914,train
13915,train
13916,train
13917,train
13918,train
13919,train
13920,train
13921,test
13922,train
13923,train
13924,train
13925,train
13926,train
13927,test
13928,train
13929,train
13930,train
13931,test
13932,train
13933,train
13934,train
13935,train
13936,train
13937,train
13938,test
13939,train
13940,train
13941,train
13942,test
13943,train
13944,train
13945,train
13946,train
13947,train
13948,test
13949,train
13950,test
13951,train
13952,train
13953,train
13954,train
13955,train
13956,train
13957,train
13958,test
13959,test
13960,train
13961,train
13962,train
13963,train
13964,test
13965,train
13966,train
13967,train
13968,test
13969,train
13970,train
13971,train
13972,train
13973,train
13974,train
13975,train
13976,test
13977,train
13978,train
13979,train
13980,train
13981,train
13982,train
13983,train
13984,train
13985,train
13986,train
13987,train
13988,train
13989,train
13990,test
13991,train
13992,test
13993,train
13994,train
13995,train
13996,train
13997,train
13998,train
13999,train
14000,train
14001,train
14002,train
14003,train
14004,train
14005,train
14006,test
14007,train
14008,train
14009,test
14010,train
14011,test
14012,test
14013,train
14014,train
14015,train
14016,test
14017,test
14018,test
14019,train
14020,train
14021,train
14022,test
14023,train
14024,train
14025,test
14026,train
14027,train
14028,train
14029,test
14030,test
14031,train
14032,train
14033,train
14034,train
14035,train
14036,test
14037,train
14038,train
14039,train
14040,train
14041,train
14042,train
14043,test
14044,train
14045,test
14046,test
14047,train
14048,test
14049,train
14050,train
14051,train
14052,train
14053,train
14054,train
14055,train
14056,train
14057,train
14058,train
14059,train
14060,train
14061,train
14062,train
14063,train
14064,test
14065,test
14066,train
14067,train
14068,train
14069,test
14070,test
14071,train
14072,train
14073,train
14074,train
14075,train
14076,test
14077,test
14078,train
14079,train
14080,test
14081,train
14082,train
14083,train
14084,train
14085,train
14086,train
14087,test
14088,train
14089,train
14090,train
14091,train
14092,train
14093,test
14094,train
14095,test
14096,train
14097,train
14098,test
14099,test
14100,train
14101,train
14102,train
14103,train
14104,train
14105,train
14106,train
14107,train
14108,train
14109,train
14110,train
14111,train
14112,train
14113,train
14114,train
14115,train
14116,train
14117,train
14118,train
14119,train
14120,train
14121,train
14122,train
14123,train
14124,train
14125,train
14126,test
14127,train
14128,test
14129,train
14130,train
14131,train
14132,train
14133,train
14134,train
14135,train
14136,train
14137,test
14138,train
14139,train
14140,test
14141,train
14142,train
14143,test
14144,test
14145,train
14146,train
14147,train
14148,test
14149,train
14150,train
14151,train
14152,test
14153,test
14154,train
14155,train
14156,train
14157,test
14158,train
14159,train
14160,train
14161,test
14162,train
14163,train
14164,train
14165,train
14166,test
14167,train
14168,train
14169,train
14170,test
14171,train
14172,train
14173,test
14174,train
14175,train
14176,test
14177,train
14178,train
14179,train
14180,train
14181,test
14182,train
14183,test
14184,test
14185,train
14186,train
14187,train
14188,test
14189,train
14190,test
14191,train
14192,train
14193,train
14194,train
14195,train
14196,train
14197,train
14198,train
14199,test
14200,train
14201,train
14202,train
14203,train
14204,train
14205,train
14206,train
14207,train
14208,train
14209,train
14210,train
14211,test
14212,train
14213,train
14214,train
14215,test
14216,test
14217,train
14218,train
14219,train
14220,train
14221,train
14222,train
14223,train
14224,test
14225,train
14226,test
14227,train
14228,train
14229,train
14230,train
14231,train
14232,train
14233,train
14234,train
14235,train
14236,train
14237,test
14238,train
14239,train
14240,test
14241,test
14242,test
14243,train
14244,train
14245,test
14246,test
14247,train
14248,train
14249,train
14250,train
14251,train
14252,train
14253,train
14254,train
14255,test
14256,train
14257,train
14258,train
14259,train
14260,train
14261,train
14262,train
14263,train
14264,train
14265,train
14266,train
14267,train
14268,train
14269,train
14270,train
14271,train
14272,train
14273,train
14274,train
14275,test
14276,train
14277,train
14278,train
14279,train
14280,train
14281,test
14282,train
14283,train
14284,train
14285,train
14286,train
14287,train
14288,train
14289,train
14290,train
14291,test
14292,train
14293,train
14294,test
14295,train
14296,train
14297,train
14298,train
14299,train
14300,test
14301,train
14302,test
14303,train
14304,test
14305,train
14306,test
14307,train
14308,train
14309,train
14310,test
14311,test
14312,train
14313,test
14314,test
14315,test
14316,train
14317,train
14318,test
14319,train
14320,train
14321,train
14322,train
14323,train
14324,train
14325,train
14326,train
14327,train
14328,train
14329,test
14330,train
14331,train
14332,train
14333,train
14334,test
14335,train
14336,train
14337,train
14338,train
14339,train
14340,train
14341,train
14342,train
14343,train
14344,train
14345,train
14346,train
14347,test
14348,train
14349,test
14350,train
14351,train
14352,train
14353,train
14354,test
14355,train
14356,train
14357,train
14358,train
14359,train
14360,test
14361,test
14362,train
14363,train
14364,train
14365,train
14366,test
14367,train
14368,train
14369,train
14370,train
14371,train
14372,train
14373,test
14374,test
14375,train
14376,train
14377,train
14378,train
14379,train
14380,train
14381,test
14382,train
14383,train
14384,train
14385,train
14386,train
14387,train
14388,train
14389,train
14390,test
14391,test
14392,test
14393,test
14394,train
14395,test
14396,train
14397,train
14398,train
14399,test
14400,test
14401,train
14402,train
14403,train
14404,test
14405,train
14406,train
14407,train
14408,train
14409,train
14410,train
14411,train
14412,test
14413,test
14414,train
14415,train
14416,train
14417,train
14418,train
14419,train
14420,train
14421,train
14422,train
14423,train
14424,train
14425,train
14426,train
14427,train
14428,train
14429,test
14430,train
14431,train
14432,train
14433,train
14434,train
14435,train
14436,train
14437,train
14438,train
14439,train
14440,train
14441,train
14442,test
14443,train
14444,train
14445,train
14446,train
14447,train
14448,train
14449,train
14450,train
14451,train
14452,train
14453,train
14454,test
14455,train
14456,train
14457,train
14458,train
14459,train
14460,train
14461,test
14462,train
14463,train
14464,train
14465,train
14466,train
14467,train
14468,train
14469,train
14470,train
14471,test
14472,train
14473,test
14474,train
14475,train
14476,train
14477,test
14478,train
14479,train
14480,test
14481,train
14482,train
14483,train
14484,train
14485,train
14486,test
14487,train
14488,train
14489,test
14490,train
14491,train
14492,test
14493,train
14494,train
14495,train
14496,train
14497,train
14498,train
14499,train
14500,train
14501,test
14502,train
14503,train
14504,train
14505,train
14506,train
14507,train
14508,train
14509,train
14510,train
14511,train
14512,train
14513,train
14514,train
14515,train
14516,train
14517,train
14518,test
14519,train
14520,train
14521,train
14522,train
14523,train
14524,train
14525,train
14526,test
14527,test
14528,test
14529,train
14530,train
14531,test
14532,train
14533,train
14534,test
14535,train
14536,train
14537,train
14538,test
14539,train
14540,train
14541,test
14542,train
14543,train
14544,train
14545,train
14546,train
14547,train
14548,train
14549,train
14550,train
14551,train
14552,train
14553,train
14554,train
14555,test
14556,train
14557,train
14558,train
14559,train
14560,train
14561,train
14562,test
14563,train
14564,test
14565,train
14566,train
14567,train
14568,train
14569,train
14570,train
14571,train
14572,train
14573,train
14574,train
14575,train
14576,test
14577,test
14578,train
14579,train
14580,train
14581,train
14582,test
14583,train
14584,train
14585,train
14586,test
14587,train
14588,test
14589,train
14590,test
14591,train
14592,train
14593,test
14594,train
14595,train
14596,train
14597,train
14598,train
14599,train
14600,train
14601,test
14602,train
14603,train
14604,train
14605,train
14606,test
14607,train
14608,train
14609,train
14610,train
14611,train
14612,train
14613,train
14614,train
14615,train
14616,test
14617,train
14618,train
14619,train
14620,train
14621,train
14622,train
14623,train
14624,train
14625,train
14626,train
14627,train
14628,test
14629,train
14630,train
14631,test
14632,train
14633,train
14634,train
14635,train
14636,test
14637,train
14638,train
14639,test
14640,train
14641,test
14642,test
14643,train
14644,train
14645,train
14646,test
14647,train
14648,train
14649,train
14650,train
14651,train
14652,train
14653,train
14654,train
14655,train
14656,test
14657,test
14658,train
14659,train
14660,test
14661,train
14662,train
14663,train
14664,test
14665,train
14666,test
14667,test
14668,train
14669,train
14670,test
14671,test
14672,test
14673,train
14674,train
14675,train
14676,test
14677,train
14678,train
14679,train
14680,train
14681,train
14682,train
14683,train
14684,train
14685,train
14686,train
14687,train
14688,train
14689,train
14690,train
14691,train
14692,train
14693,train
14694,test
14695,train
14696,train
14697,train
14698,train
14699,test
14700,train
14701,test
14702,test
14703,train
14704,test
14705,train
14706,train
14707,train
14708,train
14709,train
14710,train
14711,train
14712,test
14713,train
14714,test
14715,train
14716,train
14717,train
14718,train
14719,train
14720,train
14721,train
14722,train
14723,train
14724,train
14725,train
14726,train
14727,train
14728,train
14729,train
14730,train
14731,train
14732,train
14733,train
14734,train
14735,train
14736,test
14737,train
14738,train
14739,train
14740,train
14741,train
14742,train
14743,test
14744,train
14745,train
14746,train
14747,train
14748,train
14749,train
14750,train
14751,test
14752,train
14753,test
14754,train
14755,train
14756,train
14757,train
14758,train
14759,train
14760,train
14761,train
14762,train
14763,train
14764,test
14765,train
14766,train
14767,test
14768,test
14769,train
14770,train
14771,train
14772,train
14773,train
14774,train
14775,train
14776,train
14777,train
14778,train
14779,train
14780,train
14781,train
14782,train
14783,train
14784,train
14785,train
14786,train
14787,train
14788,test
14789,train
14790,train
14791,test
14792,train
14793,test
14794,train
14795,train
14796,train
14797,train
14798,train
14799,train
14800,train
14801,test
14802,train
14803,train
14804,train
14805,train
14806,train
14807,train
14808,train
14809,train
14810,train
14811,train
14812,train
14813,train
14814,train
14815,train
14816,train
14817,train
14818,train
14819,train
14820,train
14821,test
14822,train
14823,train
14824,train
14825,train
14826,test
14827,train
14828,train
14829,train
14830,train
14831,train
14832,train
14833,train
14834,train
14835,test
14836,train
14837,train
14838,train
14839,train
14840,train
14841,train
14842,train
14843,train
14844,train
14845,train
14846,train
14847,train
14848,test
14849,train
14850,train
14851,train
14852,test
14853,train
14854,test
14855,train
14856,train
14857,train
14858,train
14859,train
14860,test
14861,train
14862,train
14863,train
14864,train
14865,test
14866,train
14867,train
14868,train
14869,train
14870,train
14871,train
14872,train
14873,train
14874,train
14875,train
14876,train
14877,train
14878,train
14879,train
14880,train
14881,train
14882,train
14883,train
14884,train
14885,train
14886,train
14887,train
14888,train
14889,train
14890,train
14891,train
14892,train
14893,train
14894,test
14895,train
14896,test
14897,train
14898,train
14899,train
14900,test
14901,train
14902,train
14903,train
14904,train
14905,train
14906,train
14907,train
14908,train
14909,train
14910,train
14911,train
14912,train
14913,train
14914,train
14915,train
14916,train
14917,train
14918,train
14919,train
14920,train
14921,train
14922,train
14923,train
14924,test
14925,train
14926,test
14927,train
14928,train
14929,test
14930,test
14931,train
14932,train
14933,train
14934,test
14935,train
14936,train
14937,train
14938,train
14939,train
14940,train
14941,train
14942,train
14943,test
14944,train
14945,test
14946,train
14947,train
14948,test
14949,train
14950,train
14951,train
14952,test
14953,train
14954,train
14955,test
14956,train
14957,train
14958,test
14959,train
14960,train
14961,train
14962,train
14963,train
14964,train
14965,test
14966,train
14967,train
14968,train
14969,train
14970,train
14971,train
14972,train
14973,train
14974,train
14975,test
14976,train
14977,test
14978,test
14979,train
14980,train
14981,train
14982,train
14983,train
14984,train
14985,train
14986,train
14987,train
14988,train
14989,train
14990,train
14991,train
14992,train
14993,train
14994,train
14995,train
14996,test
14997,test
14998,train
14999,train
15000,train
15001,train
15002,test
15003,train
15004,train
15005,train
15006,test
15007,train
15008,test
15009,train
15010,train
15011,train
15012,train
15013,train
15014,train
15015,train
15016,train
15017,train
15018,train
15019,train
15020,train
15021,train
15022,train
15023,test
15024,train
15025,train
15026,train
15027,train
15028,train
15029,train
15030,train
15031,test
15032,train
15033,train
15034,train
15035,test
15036,train
15037,train
15038,train
15039,train
15040,test
15041,train
15042,train
15043,train
15044,train
15045,train
15046,test
15047,train
15048,train
15049,train
15050,train
15051,train
15052,train
15053,train
15054,train
15055,test
15056,test
15057,train
15058,train
15059,train
15060,train
15061,train
15062,train
15063,train
15064,train
15065,test
15066,train
15067,train
15068,train
15069,train
15070,train
15071,train
15072,train
15073,train
15074,train
15075,train
15076,train
15077,train
15078,train
15079,train
15080,test
15081,train
15082,train
15083,train
15084,train
15085,train
15086,train
15087,train
15088,train
15089,train
15090,train
15091,train
15092,train
15093,train
15094,train
15095,train
15096,train
15097,train
15098,train
15099,train
15100,train
15101,train
15102,train
15103,test
15104,train
15105,train
15106,train
15107,train
15108,train
15109,train
15110,train
15111,train
15112,train
15113,train
15114,test
15115,train
15116,train
15117,train
15118,train
15119,train
15120,train
15121,train
15122,train
15123,train
15124,train
15125,train
15126,train
15127,train
15128,train
15129,train
15130,test
15131,train
15132,train
15133,train
15134,train
15135,train
15136,train
15137,train
15138,train
15139,train
15140,train
15141,test
15142,train
15143,test
15144,test
15145,test
15146,train
15147,train
15148,train
15149,test
15150,train
15151,train
15152,train
15153,train
15154,train
15155,test
15156,test
15157,train
15158,train
15159,train
15160,train
15161,train
15162,train
15163,train
15164,train
15165,train
15166,train
15167,train
15168,test
15169,train
15170,train
15171,test
15172,train
15173,train
15174,train
15175,train
15176,test
15177,test
15178,train
15179,test
15180,train
15181,train
15182,train
15183,train
15184,train
15185,test
15186,train
15187,train
15188,train
15189,train
15190,test
15191,train
15192,train
15193,train
15194,test
15195,test
15196,test
15197,train
15198,train
15199,train
15200,train
15201,train
15202,train
15203,test
15204,train
15205,train
15206,train
15207,train
15208,train
15209,test
15210,train
15211,train
15212,train
15213,test
15214,train
15215,train
15216,train
15217,train
15218,train
15219,train
15220,train
15221,test
15222,train
15223,train
15224,train
15225,train
15226,train
15227,train
15228,train
15229,train
15230,train
15231,train
15232,test
15233,train
15234,train
15235,train
15236,train
15237,train
15238,train
15239,train
15240,train
15241,train
15242,train
15243,train
15244,train
15245,train
15246,train
15247,test
15248,train
15249,train
15250,train
15251,train
15252,train
15253,train
15254,test
15255,train
15256,test
15257,train
15258,test
15259,test
15260,train
15261,train
15262,train
15263,test
15264,train
15265,test
15266,train
15267,train
15268,train
15269,train
15270,train
15271,train
15272,train
15273,test
15274,train
15275,test
15276,train
15277,train
15278,test
15279,train
15280,train
15281,train
15282,train
15283,train
15284,test
15285,train
15286,train
15287,train
15288,train
15289,train
15290,test
15291,train
15292,train
15293,train
15294,train
15295,test
15296,train
15297,train
15298,train
15299,train
15300,test
15301,train
15302,test
15303,train
15304,train
15305,train
15306,test
15307,test
15308,train
15309,test
15310,train
15311,train
15312,train
15313,test
15314,train
15315,train
15316,train
15317,train
15318,train
15319,train
15320,train
15321,train
15322,train
15323,train
15324,train
15325,train
15326,train
15327,train
15328,train
15329,test
15330,test
15331,train
15332,train
15333,test
15334,train
15335,train
15336,test
15337,train
15338,train
15339,train
15340,test
15341,train
15342,train
15343,train
15344,train
15345,train
15346,train
15347,train
15348,train
15349,train
15350,train
15351,train
15352,train
15353,train
15354,test
15355,train
15356,train
15357,train
15358,train
15359,test
15360,train
15361,test
15362,test
15363,train
15364,train
15365,train
15366,train
15367,train
15368,train
15369,test
15370,train
15371,train
15372,train
15373,test
15374,train
15375,train
15376,train
15377,train
15378,train
15379,test
15380,train
15381,test
15382,train
15383,test
15384,train
15385,train
15386,train
15387,train
15388,train
15389,train
15390,test
15391,train
15392,test
15393,train
15394,train
15395,train
15396,train
15397,train
15398,train
15399,train
15400,train
15401,train
15402,train
15403,train
15404,train
15405,train
15406,train
15407,test
15408,train
15409,train
15410,train
15411,train
15412,train
15413,train
15414,test
15415,train
15416,train
15417,train
15418,test
15419,train
15420,train
15421,train
15422,test
15423,train
15424,train
15425,train
15426,test
15427,train
15428,train
15429,train
15430,train
15431,train
15432,test
15433,train
15434,train
15435,train
15436,train
15437,test
15438,train
15439,train
15440,train
15441,train
15442,train
15443,train
15444,train
15445,train
15446,train
15447,test
15448,train
15449,train
15450,train
15451,train
15452,test
15453,train
15454,train
15455,train
15456,train
15457,train
15458,test
15459,train
15460,test
15461,test
15462,train
15463,train
15464,train
15465,train
15466,train
15467,test
15468,train
15469,test
15470,train
15471,train
15472,train
15473,train
15474,train
15475,train
15476,train
15477,test
15478,test
15479,train
15480,train
15481,test
15482,test
15483,test
15484,train
15485,test
15486,train
15487,train
15488,test
15489,train
15490,train
15491,train
15492,train
15493,test
15494,test
15495,train
15496,train
15497,train
15498,train
15499,train
15500,train
15501,train
15502,train
15503,train
15504,train
15505,train
15506,train
15507,test
15508,test
15509,train
15510,train
15511,train
15512,train
15513,train
15514,train
15515,train
15516,train
15517,train
15518,train
15519,train
15520,train
15521,train
15522,train
15523,train
15524,train
15525,train
15526,train
15527,test
15528,test
15529,train
15530,train
15531,train
15532,test
15533,train
15534,train
15535,train
15536,train
15537,train
15538,train
15539,train
15540,train
15541,train
15542,test
15543,test
15544,test
15545,train
15546,train
15547,train
15548,test
15549,train
15550,train
15551,test
15552,train
15553,train
15554,test
15555,train
15556,train
15557,train
15558,train
15559,test
15560,train
15561,train
15562,train
15563,train
15564,train
15565,train
15566,train
15567,train
15568,train
15569,train
15570,train
15571,test
15572,train
15573,test
15574,train
15575,train
15576,train
15577,test
15578,train
15579,train
15580,train
15581,train
15582,train
15583,train
15584,train
15585,train
15586,test
15587,train
15588,train
15589,train
15590,train
15591,train
15592,train
15593,train
15594,train
15595,test
15596,train
15597,train
15598,train
15599,train
15600,train
15601,train
15602,train
15603,test
15604,train
15605,train
15606,train
15607,train
15608,train
15609,train
15610,train
15611,train
15612,test
15613,train
15614,test
15615,train
15616,train
15617,test
15618,train
15619,train
15620,train
15621,train
15622,test
15623,train
15624,test
15625,test
15626,train
15627,test
15628,train
15629,train
15630,test
15631,train
15632,test
15633,test
15634,test
15635,test
15636,train
15637,train
15638,train
15639,train
15640,train
15641,train
15642,train
15643,train
15644,test
15645,train
15646,train
15647,train
15648,train
15649,train
15650,train
15651,train
15652,train
15653,train
15654,train
15655,train
15656,train
15657,train
15658,train
15659,train
15660,train
15661,train
15662,test
15663,train
15664,train
15665,train
15666,train
15667,train
15668,train
15669,train
15670,train
15671,train
15672,test
15673,test
15674,train
15675,train
15676,train
15677,train
15678,train
15679,train
15680,train
15681,train
15682,train
15683,train
15684,train
15685,train
15686,train
15687,test
15688,train
15689,train
15690,train
15691,train
15692,train
15693,train
15694,train
15695,test
15696,test
15697,test
15698,train
15699,train
15700,train
15701,train
15702,test
15703,train
15704,train
15705,train
15706,test
15707,train
15708,train
15709,test
15710,test
15711,train
15712,train
15713,train
15714,train
15715,train
15716,train
15717,train
15718,train
15719,train
15720,train
15721,train
15722,train
15723,train
15724,train
15725,train
15726,train
15727,train
15728,train
15729,train
15730,train
15731,train
15732,train
15733,train
15734,train
15735,train
15736,train
15737,train
15738,train
15739,train
15740,train
15741,train
15742,train
15743,train
15744,train
15745,test
15746,test
15747,test
15748,test
15749,test
15750,train
15751,train
15752,test
15753,train
15754,train
15755,train
15756,test
15757,train
15758,train
15759,test
15760,train
15761,train
15762,train
15763,test
15764,train
15765,train
15766,train
15767,train
15768,train
15769,train
15770,train
15771,train
15772,train
15773,train
15774,train
15775,train
15776,train
15777,train
15778,test
15779,train
15780,test
15781,train
15782,train
15783,train
15784,train
15785,train
15786,train
15787,train
15788,train
15789,test
15790,train
15791,train
15792,train
15793,train
15794,train
15795,train
15796,test
15797,train
15798,test
15799,train
15800,train
15801,train
15802,train
15803,train
15804,train
15805,train
15806,train
15807,train
15808,test
15809,train
15810,train
15811,train
15812,train
15813,test
15814,test
15815,train
15816,train
15817,train
15818,test
15819,test
15820,train
15821,test
15822,test
15823,train
15824,train
15825,train
15826,train
15827,train
15828,test
15829,train
15830,train
15831,train
15832,train
15833,train
15834,train
15835,train
15836,train
15837,train
15838,train
15839,test
15840,train
15841,test
15842,train
15843,train
15844,train
15845,train
15846,test
15847,train
15848,train
15849,train
15850,train
15851,test
15852,test
15853,train
15854,test
15855,train
15856,test
15857,train
15858,test
15859,train
15860,train
15861,train
15862,test
15863,train
15864,train
15865,train
15866,train
15867,train
15868,train
15869,train
15870,train
15871,train
15872,test
15873,train
15874,train
15875,train
15876,train
15877,train
15878,train
15879,train
15880,train
15881,test
15882,train
15883,train
15884,train
15885,train
15886,test
15887,train
15888,train
15889,train
15890,train
15891,train
15892,test
15893,train
15894,train
15895,train
15896,train
15897,train
15898,test
15899,train
15900,train
15901,test
15902,train
15903,train
15904,train
15905,train
15906,test
15907,train
15908,train
15909,train
15910,train
15911,train
15912,train
15913,train
15914,train
15915,train
15916,train
15917,train
15918,train
15919,train
15920,train
15921,train
15922,train
15923,test
15924,train
15925,train
15926,train
15927,train
15928,train
15929,train
15930,train
15931,train
15932,train
15933,test
15934,train
15935,train
15936,train
15937,test
15938,train
15939,train
15940,train
15941,train
15942,train
15943,train
15944,train
15945,train
15946,train
15947,test
15948,train
15949,train
15950,train
15951,train
15952,train
15953,train
15954,test
15955,train
15956,test
15957,train
15958,test
15959,test
15960,test
15961,test
15962,train
15963,train
15964,train
15965,train
15966,train
15967,train
15968,train
15969,train
15970,train
15971,train
15972,train
15973,train
15974,train
15975,train
15976,train
15977,train
15978,train
15979,test
15980,train
15981,train
15982,train
15983,train
15984,train
15985,train
15986,train
15987,test
15988,train
15989,train
15990,train
15991,train
15992,train
15993,train
15994,test
15995,train
15996,train
15997,train
15998,test
15999,train
16000,train
16001,train
16002,train
16003,test
16004,train
16005,train
16006,train
16007,test
16008,train
16009,train
16010,train
16011,train
16012,test
16013,train
16014,train
16015,train
16016,train
16017,test
16018,train
16019,test
16020,train
16021,train
16022,train
16023,train
16024,test
16025,train
16026,train
16027,train
16028,train
16029,train
16030,train
16031,test
16032,test
16033,train
16034,train
16035,train
16036,train
16037,train
16038,train
16039,test
16040,train
16041,train
16042,train
16043,train
16044,train
16045,train
16046,test
16047,train
16048,train
16049,train
16050,train
16051,train
16052,train
16053,test
16054,train
16055,train
16056,train
16057,test
16058,train
16059,train
16060,train
16061,test
16062,train
16063,train
16064,train
16065,train
16066,train
16067,train
16068,train
16069,train
16070,train
16071,train
16072,train
16073,train
16074,train
16075,train
16076,train
16077,train
16078,train
16079,train
16080,train
16081,train
16082,train
16083,train
16084,train
16085,train
16086,train
16087,train
16088,train
16089,train
16090,train
16091,test
16092,train
16093,train
16094,train
16095,test
16096,train
16097,train
16098,train
16099,train
16100,test
16101,train
16102,test
16103,train
16104,train
16105,train
16106,train
16107,train
16108,test
16109,test
16110,test
16111,train
16112,train
16113,test
16114,test
16115,train
16116,train
16117,train
16118,train
16119,train
16120,train
16121,train
16122,test
16123,train
16124,train
16125,train
16126,test
16127,test
16128,train
16129,train
16130,train
16131,test
16132,test
16133,train
16134,test
16135,train
16136,test
16137,train
16138,train
16139,train
16140,train
16141,test
16142,test
16143,train
16144,train
16145,test
16146,train
16147,test
16148,test
16149,train
16150,train
16151,train
16152,train
16153,train
16154,train
16155,train
16156,train
16157,test
16158,train
16159,test
16160,train
16161,test
16162,train
16163,train
16164,train
16165,test
16166,train
16167,train
16168,train
16169,train
16170,train
16171,train
16172,train
16173,train
16174,train
16175,train
16176,test
16177,train
16178,train
16179,train
16180,train
16181,train
16182,train
16183,train
16184,train
16185,train
16186,train
16187,train
16188,train
16189,train
16190,test
16191,train
16192,train
16193,train
16194,train
16195,test
16196,train
16197,train
16198,train
16199,test
16200,test
16201,train
16202,test
16203,train
16204,train
16205,train
16206,test
16207,train
16208,train
16209,train
16210,train
16211,train
16212,train
16213,test
16214,train
16215,train
16216,train
16217,train
16218,train
16219,test
16220,train
16221,train
16222,train
16223,train
16224,train
16225,train
16226,train
16227,train
16228,test
16229,train
16230,train
16231,train
16232,train
16233,train
16234,train
16235,train
16236,train
16237,train
16238,train
16239,train
16240,train
16241,test
16242,train
16243,train
16244,test
16245,train
16246,train
16247,test
16248,train
16249,train
16250,train
16251,train
16252,train
16253,train
16254,test
16255,train
16256,train
16257,train
16258,train
16259,train
16260,train
16261,train
16262,train
16263,train
16264,train
16265,train
16266,train
16267,train
16268,test
16269,train
16270,train
16271,test
16272,train
16273,test
16274,train
16275,train
16276,train
16277,test
16278,train
16279,test
16280,train
16281,train
16282,train
16283,train
16284,test
16285,train
16286,train
16287,test
16288,train
16289,train
16290,train
16291,train
16292,train
16293,train
16294,train
16295,train
16296,train
16297,train
16298,test
16299,train
16300,train
16301,train
16302,train
16303,train
16304,train
16305,train
16306,test
16307,train
16308,test
16309,train
16310,train
16311,train
16312,test
16313,train
16314,train
16315,train
16316,train
16317,train
16318,train
16319,train
16320,train
16321,train
16322,train
16323,test
16324,train
16325,test
16326,test
16327,train
16328,train
16329,train
16330,test
16331,train
16332,train
16333,train
16334,test
16335,train
16336,train
16337,train
16338,train
16339,test
16340,train
16341,train
16342,train
16343,train
16344,train
16345,test
16346,train
16347,test
16348,train
16349,train
16350,train
16351,train
16352,test
16353,train
16354,train
16355,train
16356,test
16357,train
16358,train
16359,test
16360,train
16361,train
16362,test
16363,train
16364,train
16365,train
16366,train
16367,train
16368,train
16369,train
16370,test
16371,train
16372,train
16373,test
16374,train
16375,train
16376,train
16377,train
16378,train
16379,train
16380,train
16381,train
16382,train
16383,train
16384,train
16385,train
16386,train
16387,train
16388,train
16389,train
16390,train
16391,train
16392,train
16393,train
16394,train
16395,test
16396,test
16397,test
16398,train
16399,train
16400,train
16401,train
16402,train
16403,test
16404,train
16405,train
16406,train
16407,train
16408,train
16409,test
16410,train
16411,train
16412,train
16413,train
16414,test
16415,test
16416,train
16417,train
16418,train
16419,train
16420,train
16421,train
16422,train
16423,train
16424,test
16425,train
16426,train
16427,test
16428,train
16429,test
16430,train
16431,train
16432,train
16433,train
16434,train
16435,train
16436,test
16437,train
16438,train
16439,train
16440,train
16441,train
16442,train
16443,train
16444,train
16445,train
16446,train
16447,train
16448,test
16449,train
16450,train
16451,train
16452,test
16453,test
16454,train
16455,train
16456,train
16457,train
16458,train
16459,train
16460,train
16461,train
16462,train
16463,test
16464,test
16465,train
16466,train
16467,train
16468,train
16469,train
16470,test
16471,test
16472,train
16473,train
16474,train
16475,train
16476,train
16477,train
16478,train
16479,train
16480,test
16481,test
16482,train
16483,train
16484,train
16485,train
16486,test
16487,test
16488,test
16489,train
16490,train
16491,train
16492,train
16493,test
16494,test
16495,test
16496,train
16497,test
16498,train
16499,train
16500,train
16501,train
16502,test
16503,train
16504,train
16505,test
16506,test
16507,test
16508,test
16509,train
16510,test
16511,train
16512,train
16513,train
16514,train
16515,train
16516,train
16517,train
16518,train
16519,train
16520,train
16521,train
16522,test
16523,test
16524,train
16525,train
16526,train
16527,train
16528,train
16529,train
16530,train
16531,train
16532,train
16533,train
16534,train
16535,train
16536,train
16537,test
16538,train
16539,test
16540,train
16541,train
16542,train
16543,train
16544,train
16545,train
16546,train
16547,train
16548,train
16549,train
16550,train
16551,train
16552,train
16553,train
16554,train
16555,test
16556,train
16557,train
16558,train
16559,train
16560,train
16561,train
16562,test
16563,train
16564,train
16565,test
16566,test
16567,train
16568,train
16569,train
16570,train
16571,train
16572,test
16573,test
16574,train
16575,test
16576,train
16577,train
16578,train
16579,test
16580,train
16581,train
16582,train
16583,train
16584,train
16585,test
16586,train
16587,train
16588,train
16589,train
16590,train
16591,train
16592,test
16593,train
16594,train
16595,test
16596,train
16597,train
16598,train
16599,test
16600,train
16601,train
16602,test
16603,train
16604,train
16605,train
16606,test
16607,train
16608,train
16609,train
16610,train
16611,train
16612,train
16613,train
16614,train
16615,train
16616,test
16617,test
16618,train
16619,train
16620,train
16621,train
16622,train
16623,train
16624,train
16625,train
16626,test
16627,train
16628,train
16629,train
16630,train
16631,test
16632,train
16633,test
16634,test
16635,train
16636,train
16637,train
16638,test
16639,train
16640,test
16641,test
16642,train
16643,train
16644,train
16645,train
16646,train
16647,train
16648,test
16649,train
16650,train
16651,train
16652,train
16653,train
16654,train
16655,test
16656,train
16657,train
16658,train
16659,test
16660,train
16661,train
16662,train
16663,train
16664,train
16665,train
16666,train
16667,train
16668,train
16669,train
16670,train
16671,train
16672,train
16673,train
16674,train
16675,train
16676,train
16677,train
16678,train
16679,train
16680,train
16681,train
16682,train
16683,test
16684,train
16685,train
16686,train
16687,train
16688,train
16689,train
16690,train
16691,test
16692,train
16693,train
16694,test
16695,train
16696,test
16697,train
16698,train
16699,train
16700,test
16701,train
16702,test
16703,train
16704,train
16705,train
16706,train
16707,train
16708,test
16709,train
16710,train
16711,train
16712,train
16713,train
16714,train
16715,train
16716,train
16717,train
16718,train
16719,train
16720,train
16721,train
16722,test
16723,train
16724,train
16725,test
16726,test
16727,test
16728,train
16729,train
16730,train
16731,train
16732,train
16733,test
16734,train
16735,train
16736,train
16737,train
16738,train
16739,train
16740,train
16741,train
16742,train
16743,train
16744,train
16745,train
16746,train
16747,train
16748,train
16749,train
16750,test
16751,train
16752,train
16753,train
16754,train
16755,train
16756,test
16757,train
16758,train
16759,train
16760,train
16761,test
16762,train
16763,test
16764,train
16765,test
16766,train
16767,train
16768,train
16769,test
16770,test
16771,train
16772,train
16773,train
16774,train
16775,train
16776,train
16777,train
16778,test
16779,train
16780,train
16781,train
16782,train
16783,train
16784,train
16785,train
16786,test
16787,train
16788,train
16789,train
16790,train
16791,test
16792,train
16793,train
16794,train
16795,train
16796,train
16797,train
16798,train
16799,train
16800,train
16801,train
16802,train
16803,train
16804,train
16805,test
16806,train
16807,test
16808,test
16809,train
16810,train
16811,train
16812,train
16813,train
16814,train
16815,train
16816,train
16817,train
16818,train
16819,test
16820,train
16821,train
16822,train
16823,train
16824,train
16825,train
16826,train
16827,train
16828,train
16829,train
16830,train
16831,test
16832,train
16833,test
16834,train
16835,train
16836,train
16837,train
16838,train
16839,train
16840,test
16841,train
16842,test
16843,test
16844,train
16845,train
16846,train
16847,test
16848,train
16849,train
16850,train
16851,train
16852,train
16853,train
16854,train
16855,train
16856,train
16857,train
16858,train
16859,train
16860,train
16861,train
16862,train
16863,train
16864,train
16865,train
16866,test
16867,test
16868,train
16869,train
16870,train
16871,test
16872,train
16873,train
16874,train
16875,train
16876,train
16877,train
16878,train
16879,train
16880,train
16881,train
16882,test
16883,train
16884,train
16885,train
16886,train
16887,train
16888,train
16889,train
16890,train
16891,train
16892,test
16893,train
16894,train
16895,train
16896,train
16897,test
16898,train
16899,train
16900,train
16901,train
16902,train
16903,train
16904,train
16905,train
16906,train
16907,test
16908,train
16909,train
16910,train
16911,train
16912,train
16913,train
16914,train
16915,test
16916,train
16917,test
16918,train
16919,train
16920,train
16921,train
16922,train
16923,train
16924,train
16925,test
16926,train
16927,train
16928,train
16929,train
16930,train
16931,train
16932,train
16933,train
16934,test
16935,train
16936,train
16937,test
16938,train
16939,train
16940,train
16941,train
16942,train
16943,train
16944,train
16945,train
16946,train
16947,train
16948,train
16949,train
16950,test
16951,train
16952,train
16953,train
16954,train
16955,train
16956,test
16957,train
16958,train
16959,train
16960,test
16961,test
16962,train
16963,train
16964,train
16965,train
16966,train
16967,train
16968,test
16969,train
16970,train
16971,train
16972,train
16973,test
16974,train
16975,train
16976,train
16977,train
16978,train
16979,train
16980,train
16981,train
16982,train
16983,train
16984,test
16985,train
16986,train
16987,test
16988,train
16989,train
16990,train
16991,train
16992,train
16993,train
16994,train
16995,train
16996,train
16997,train
16998,train
16999,train
17000,train
17001,train
17002,train
17003,test
17004,train
17005,train
17006,test
17007,train
17008,train
17009,train
17010,train
17011,train
17012,train
17013,train
17014,train
17015,test
17016,train
17017,test
17018,train
17019,train
17020,train
17021,train
17022,train
17023,train
17024,test
17025,train
17026,test
17027,test
17028,train
17029,train
17030,train
17031,train
17032,train
17033,train
17034,train
17035,train
17036,train
17037,test
17038,train
17039,test
17040,test
17041,train
17042,train
17043,train
17044,train
17045,test
17046,train
17047,train
17048,train
17049,train
17050,train
17051,train
17052,train
17053,train
17054,train
17055,train
17056,test
17057,train
17058,train
17059,train
17060,test
17061,train
17062,train
17063,test
17064,train
17065,train
17066,train
17067,train
17068,test
17069,train
17070,train
17071,train
17072,train
17073,train
17074,test
17075,test
17076,train
17077,train
17078,test
17079,test
17080,train
17081,train
17082,train
17083,train
17084,test
17085,test
17086,train
17087,test
17088,train
17089,train
17090,train
17091,test
17092,train
17093,train
17094,train
17095,test
17096,train
17097,test
17098,test
17099,train
17100,train
17101,train
17102,train
17103,train
17104,train
17105,test
17106,train
17107,train
17108,train
17109,test
17110,train
17111,train
17112,test
17113,train
17114,train
17115,train
17116,test
17117,train
17118,train
17119,train
17120,train
17121,train
17122,train
17123,train
17124,train
17125,train
17126,train
17127,train
17128,train
17129,test
17130,train
17131,train
17132,train
17133,test
17134,train
17135,train
17136,test
17137,test
17138,train
17139,train
17140,test
17141,test
17142,test
17143,train
17144,test
17145,train
17146,train
17147,train
17148,train
17149,train
17150,train
17151,test
17152,test
17153,train
17154,test
17155,train
17156,train
17157,train
17158,train
17159,train
17160,train
17161,train
17162,train
17163,train
17164,train
17165,test
17166,test
17167,train
17168,train
17169,test
17170,train
17171,train
17172,train
17173,test
17174,train
17175,train
17176,train
17177,test
17178,train
17179,train
17180,train
17181,train
17182,train
17183,train
17184,train
17185,train
17186,train
17187,train
17188,test
17189,train
17190,train
17191,test
17192,test
17193,train
17194,test
17195,test
17196,train
17197,train
17198,train
17199,train
17200,train
17201,train
17202,train
17203,test
17204,test
17205,train
17206,train
17207,train
17208,train
17209,test
17210,train
17211,train
17212,train
17213,test
17214,train
17215,train
17216,train
17217,test
17218,train
17219,train
17220,train
17221,train
17222,test
17223,test
17224,train
17225,train
17226,train
17227,test
17228,train
17229,train
17230,train
17231,train
17232,train
17233,test
17234,test
17235,train
17236,train
17237,train
17238,train
17239,train
17240,train
17241,train
17242,train
17243,train
17244,train
17245,train
17246,train
17247,train
17248,train
17249,train
17250,train
17251,train
17252,train
17253,train
17254,train
17255,train
17256,train
17257,train
17258,train
17259,train
17260,train
17261,train
17262,train
17263,train
17264,train
17265,test
17266,test
17267,train
17268,train
17269,train
17270,train
17271,train
17272,train
17273,train
17274,train
17275,test
17276,test
17277,train
17278,train
17279,train
17280,train
17281,test
17282,test
17283,test
17284,test
17285,train
17286,train
17287,train
17288,train
17289,train
17290,train
17291,train
17292,train
17293,train
17294,train
17295,train
17296,train
17297,test
17298,train
17299,train
17300,train
17301,train
17302,train
17303,train
17304,test
17305,train
17306,train
17307,train
17308,train
17309,train
17310,train
17311,train
17312,train
17313,train
17314,train
17315,test
17316,train
17317,test
17318,train
17319,train
17320,test
17321,train
17322,train
17323,train
17324,train
17325,train
17326,train
17327,train
17328,train
17329,train
17330,test
17331,test
17332,train
17333,train
17334,train
17335,train
17336,test
17337,train
17338,test
17339,train
17340,train
17341,test
17342,test
17343,train
17344,train
17345,train
17346,train
17347,test
17348,train
17349,train
17350,train
17351,train
17352,train
17353,train
17354,train
17355,train
17356,train
17357,train
17358,train
17359,train
17360,train
17361,train
17362,train
17363,train
17364,train
17365,train
17366,train
17367,train
17368,train
17369,test
17370,train
17371,train
17372,train
17373,train
17374,train
17375,train
17376,train
17377,train
17378,train
17379,train
17380,train
17381,train
17382,test
17383,train
17384,test
17385,train
17386,train
17387,test
17388,train
17389,train
17390,train
17391,train
17392,train
17393,train
17394,train
17395,train
17396,train
17397,test
17398,train
17399,train
17400,train
17401,train
17402,train
17403,train
17404,test
17405,train
17406,train
17407,train
17408,train
17409,test
17410,train
17411,test
17412,train
17413,train
17414,train
17415,train
17416,train
17417,train
17418,train
17419,train
17420,test
17421,train
17422,train
17423,test
17424,test
17425,train
17426,test
17427,test
17428,train
17429,train
17430,test
17431,train
17432,train
17433,train
17434,test
17435,train
17436,train
17437,train
17438,test
17439,test
17440,train
17441,test
17442,test
17443,train
17444,train
17445,train
17446,train
17447,train
17448,train
17449,test
17450,train
17451,train
17452,train
17453,train
17454,train
17455,train
17456,test
17457,train
17458,train
17459,test
17460,test
17461,train
17462,test
17463,train
17464,train
17465,test
17466,train
17467,train
17468,train
17469,test
17470,train
17471,train
17472,test
17473,train
17474,train
17475,train
17476,train
17477,train
17478,train
17479,train
17480,test
17481,train
17482,train
17483,train
17484,train
17485,train
17486,test
17487,train
17488,train
17489,train
17490,test
17491,train
17492,test
17493,train
17494,train
17495,train
17496,train
17497,train
17498,train
17499,train
17500,train
17501,train
17502,train
17503,train
17504,train
17505,train
17506,train
17507,test
17508,train
17509,train
17510,train
17511,train
17512,train
17513,train
17514,train
17515,test
17516,test
17517,train
17518,train
17519,test
17520,train
17521,train
17522,train
17523,train
17524,train
17525,train
17526,train
17527,train
17528,train
17529,test
17530,train
17531,train
17532,train
17533,train
17534,train
17535,test
17536,train
17537,train
17538,train
17539,test
17540,train
17541,train
17542,train
17543,train
17544,train
17545,train
17546,test
17547,test
17548,test
17549,train
17550,train
17551,train
17552,test
17553,train
17554,train
17555,test
17556,train
17557,test
17558,train
17559,test
17560,train
17561,train
17562,train
17563,train
17564,train
17565,train
17566,train
17567,train
17568,train
17569,train
17570,test
17571,train
17572,test
17573,test
17574,train
17575,train
17576,test
17577,test
17578,train
17579,test
17580,train
17581,train
17582,train
17583,train
17584,test
17585,train
17586,train
17587,test
17588,train
17589,train
17590,train
17591,test
17592,test
17593,train
17594,train
17595,train
17596,train
17597,test
17598,train
17599,train
17600,test
17601,train
17602,test
17603,train
17604,test
17605,test
17606,test
17607,test
17608,train
17609,train
17610,train
17611,train
17612,test
17613,train
17614,test
17615,train
17616,train
17617,train
17618,train
17619,train
17620,train
17621,train
17622,train
17623,train
17624,train
17625,train
17626,train
17627,train
17628,test
17629,test
17630,train
17631,train
17632,train
17633,train
17634,train
17635,train
17636,train
17637,train
17638,train
17639,train
17640,train
17641,train
17642,train
17643,train
17644,test
17645,train
17646,train
17647,train
17648,train
17649,train
17650,train
17651,train
17652,train
17653,train
17654,train
17655,train
17656,test
17657,test
17658,train
17659,train
17660,train
17661,test
17662,train
17663,train
17664,test
17665,train
17666,train
17667,train
17668,test
17669,train
17670,train
17671,train
17672,train
17673,train
17674,train
17675,test
17676,train
17677,train
17678,train
17679,train
17680,train
17681,train
17682,test
17683,train
17684,train
17685,train
17686,train
17687,test
17688,train
17689,train
17690,train
17691,train
17692,test
17693,train
17694,train
17695,train
17696,test
17697,train
17698,train
17699,test
17700,train
17701,train
17702,train
17703,train
17704,train
17705,train
17706,test
17707,train
17708,test
17709,train
17710,test
17711,train
17712,train
17713,test
17714,train
17715,train
17716,train
17717,train
17718,train
17719,train
17720,train
17721,train
17722,test
17723,train
17724,train
17725,test
17726,test
17727,test
17728,train
17729,train
17730,train
17731,train
17732,train
17733,train
17734,train
17735,test
17736,train
17737,test
17738,train
17739,train
17740,train
17741,test
17742,train
17743,train
17744,train
17745,test
17746,train
17747,train
17748,train
17749,train
17750,train
17751,train
17752,train
17753,train
17754,test
17755,train
17756,train
17757,train
17758,train
17759,train
17760,train
17761,train
17762,train
17763,train
17764,test
17765,train
17766,train
17767,train
17768,train
17769,train
17770,train
17771,train
17772,train
17773,test
17774,test
17775,train
17776,train
17777,train
17778,train
17779,train
17780,train
17781,train
17782,test
17783,train
17784,test
17785,train
17786,train
17787,train
17788,train
17789,train
17790,train
17791,train
17792,train
17793,train
17794,train
17795,train
17796,test
17797,test
17798,test
17799,test
17800,train
17801,train
17802,test
17803,test
17804,test
17805,train
17806,test
17807,train
17808,train
17809,test
17810,train
17811,train
17812,train
17813,train
17814,train
17815,train
17816,test
17817,train
17818,train
17819,train
17820,train
17821,train
17822,test
17823,train
17824,test
17825,train
17826,train
17827,train
17828,train
17829,train
17830,train
17831,train
17832,train
17833,train
17834,train
17835,train
17836,train
17837,train
17838,train
17839,test
17840,train
17841,test
17842,test
17843,train
17844,train
17845,train
17846,train
17847,train
17848,train
17849,train
17850,train
17851,test
17852,test
17853,train
17854,train
17855,train
17856,train
17857,train
17858,train
17859,train
17860,train
17861,train
17862,train
17863,train
17864,test
17865,test
17866,train
17867,train
17868,train
17869,train
17870,train
17871,train
17872,train
17873,test
17874,train
17875,train
17876,train
17877,train
17878,train
17879,train
17880,train
17881,train
17882,train
17883,train
17884,train
17885,train
17886,train
17887,train
17888,test
17889,test
17890,train
17891,test
17892,test
17893,test
17894,test
17895,test
17896,train
17897,test
17898,train
17899,test
17900,train
17901,train
17902,train
17903,test
17904,train
17905,train
17906,test
17907,train
17908,train
17909,train
17910,train
17911,train
17912,train
17913,train
17914,train
17915,train
17916,test
17917,train
17918,train
17919,train
17920,train
17921,train
17922,train
17923,train
17924,train
17925,train
17926,train
17927,test
17928,test
17929,test
17930,train
17931,train
17932,train
17933,train
17934,train
17935,train
17936,train
17937,train
17938,train
17939,train
17940,test
17941,train
17942,train
17943,train
17944,train
17945,test
17946,train
17947,train
17948,train
17949,train
17950,train
17951,train
17952,train
17953,test
17954,test
17955,train
17956,train
17957,train
17958,train
17959,train
17960,train
17961,train
17962,train
17963,train
17964,train
17965,train
17966,train
17967,train
17968,train
17969,train
17970,test
17971,train
17972,train
17973,train
17974,train
17975,train
17976,test
17977,train
17978,test
17979,test
17980,train
17981,train
17982,test
17983,train
17984,train
17985,train
17986,train
17987,train
17988,train
17989,train
17990,train
17991,train
17992,train
17993,train
17994,test
17995,train
17996,train
17997,train
17998,test
17999,train
18000,train
18001,train
18002,test
18003,train
18004,test
18005,test
18006,train
18007,train
18008,train
18009,train
18010,train
18011,train
18012,train
18013,train
18014,test
18015,test
18016,train
18017,test
18018,train
18019,train
18020,test
18021,train
18022,train
18023,train
18024,train
18025,train
18026,train
18027,train
18028,train
18029,train
18030,train
18031,train
18032,train
18033,test
18034,train
18035,train
18036,train
18037,train
18038,train
18039,train
18040,test
18041,test
18042,train
18043,train
18044,train
18045,train
18046,test
18047,train
18048,train
18049,train
18050,test
18051,train
18052,test
18053,test
18054,train
18055,train
18056,train
18057,train
18058,test
18059,train
18060,test
18061,train
18062,train
18063,train
18064,train
18065,train
18066,train
18067,test
18068,train
18069,train
18070,train
18071,train
18072,train
18073,train
18074,train
18075,train
18076,train
18077,train
18078,test
18079,test
18080,train
18081,train
18082,train
18083,train
18084,test
18085,train
18086,test
18087,train
18088,train
18089,train
18090,train
18091,train
18092,train
18093,train
18094,train
18095,train
18096,test
18097,train
18098,train
18099,train
18100,train
18101,test
18102,train
18103,test
18104,train
18105,train
18106,train
18107,train
18108,train
18109,train
18110,train
18111,train
18112,train
18113,train
18114,train
18115,train
18116,train
18117,test
18118,test
18119,train
18120,train
18121,train
18122,train
18123,test
18124,train
18125,train
18126,train
18127,train
18128,test
18129,train
18130,train
18131,train
18132,test
18133,train
18134,train
18135,train
18136,train
18137,train
18138,train
18139,train
18140,train
18141,train
18142,test
18143,test
18144,train
18145,train
18146,test
18147,train
18148,train
18149,train
18150,train
18151,test
18152,test
18153,test
18154,train
18155,train
18156,train
18157,train
18158,train
18159,test
18160,train
18161,test
18162,train
18163,train
18164,train
18165,train
18166,train
18167,train
18168,train
18169,train
18170,test
18171,train
18172,train
18173,train
18174,train
18175,train
18176,test
18177,test
18178,train
18179,test
18180,train
18181,train
18182,test
18183,train
18184,train
18185,train
18186,train
18187,train
18188,test
18189,train
18190,train
18191,train
18192,train
18193,train
18194,train
18195,train
18196,train
18197,test
18198,train
18199,test
18200,test
18201,test
18202,train
18203,train
18204,train
18205,train
18206,test
18207,train
18208,train
18209,train
18210,train
18211,train
18212,train
18213,train
18214,train
18215,train
18216,train
18217,test
18218,train
18219,train
18220,test
18221,train
18222,train
18223,train
18224,train
18225,test
18226,test
18227,train
18228,train
18229,train
18230,train
18231,train
18232,train
18233,train
18234,train
18235,test
18236,train
18237,train
18238,train
18239,train
18240,train
18241,train
18242,train
18243,train
18244,test
18245,train
18246,test
18247,train
18248,train
18249,test
18250,train
18251,train
18252,train
18253,train
18254,train
18255,train
18256,train
18257,train
18258,train
18259,train
18260,train
18261,train
18262,train
18263,train
18264,train
18265,train
18266,train
18267,test
18268,train
18269,train
18270,test
18271,train
18272,train
18273,train
18274,train
18275,train
18276,train
18277,train
18278,test
18279,train
18280,train
18281,train
18282,train
18283,train
18284,train
18285,test
18286,train
18287,train
18288,train
18289,train
18290,train
18291,train
18292,train
18293,train
18294,train
18295,train
18296,test
18297,train
18298,train
18299,test
18300,train
18301,train
18302,train
18303,train
18304,test
18305,train
18306,train
18307,test
18308,train
18309,train
18310,train
18311,train
18312,train
18313,train
18314,train
18315,train
18316,train
18317,train
18318,train
18319,train
18320,train
18321,train
18322,train
18323,train
18324,test
18325,test
18326,train
18327,train
18328,train
18329,train
18330,test
18331,test
18332,train
18333,train
18334,train
18335,train
18336,train
18337,train
18338,test
18339,train
18340,train
18341,train
18342,train
18343,train
18344,train
18345,train
18346,test
18347,train
18348,train
18349,train
18350,train
18351,test
18352,train
18353,test
18354,test
18355,train
18356,test
18357,train
18358,train
18359,train
18360,train
18361,train
18362,train
18363,test
18364,train
18365,train
18366,test
18367,train
18368,train
18369,train
18370,train
18371,train
18372,train
18373,train
18374,train
18375,train
18376,train
18377,train
18378,test
18379,train
18380,test
18381,train
18382,train
18383,train
18384,train
18385,train
18386,train
18387,train
18388,train
18389,test
18390,train
18391,test
18392,test
18393,train
18394,train
18395,train
18396,train
18397,train
18398,train
18399,train
18400,test
18401,train
18402,train
18403,test
18404,train
18405,train
18406,test
18407,train
18408,train
18409,train
18410,train
18411,train
18412,train
18413,train
18414,test
18415,train
18416,train
18417,train
18418,train
18419,test
18420,test
18421,test
18422,train
18423,train
18424,train
18425,train
18426,train
18427,train
18428,test
18429,train
18430,train
18431,train
18432,train
18433,train
18434,train
18435,train
18436,train
18437,train
18438,train
18439,train
18440,train
18441,train
18442,test
18443,test
18444,train
18445,test
18446,train
18447,train
18448,test
18449,train
18450,train
18451,train
18452,train
18453,train
18454,train
18455,train
18456,train
18457,train
18458,train
18459,train
18460,train
18461,train
18462,train
18463,test
18464,train
18465,train
18466,train
18467,test
18468,train
18469,test
18470,test
18471,test
18472,test
18473,test
18474,train
18475,train
18476,train
18477,test
18478,train
18479,test
18480,train
18481,train
18482,train
18483,train
18484,train
18485,train
18486,train
18487,train
18488,train
18489,test
18490,train
18491,train
18492,train
18493,train
18494,test
18495,test
18496,train
18497,train
18498,train
18499,train
18500,train
18501,test
18502,train
18503,train
18504,test
18505,test
18506,train
18507,test
18508,train
18509,train
18510,test
18511,train
18512,test
18513,test
18514,train
18515,train
18516,train
18517,test
18518,test
18519,train
18520,train
18521,train
18522,test
18523,train
18524,train
18525,train
18526,train
18527,train
18528,test
18529,train
18530,train
18531,test
18532,train
18533,train
18534,test
18535,train
18536,train
18537,train
18538,train
18539,test
18540,train
18541,train
18542,train
18543,test
18544,train
18545,train
18546,train
18547,train
18548,train
18549,train
18550,train
18551,train
18552,train
18553,train
18554,train
18555,train
18556,train
18557,train
18558,train
18559,train
18560,test
18561,train
18562,test
18563,train
18564,train
18565,train
18566,train
18567,test
18568,train
18569,train
18570,train
18571,test
18572,test
18573,train
18574,train
18575,test
18576,test
18577,test
18578,train
18579,test
18580,train
18581,train
18582,train
18583,train
18584,train
18585,train
18586,test
18587,train
18588,train
18589,train
18590,train
18591,train
18592,train
18593,test
18594,train
18595,train
18596,train
18597,train
18598,test
18599,test
18600,train
18601,train
18602,train
18603,train
18604,train
18605,test
18606,train
18607,train
18608,train
18609,train
18610,train
18611,train
18612,train
18613,train
18614,train
18615,train
18616,train
18617,train
18618,train
18619,train
18620,train
18621,test
18622,train
18623,train
18624,train
18625,train
18626,train
18627,test
18628,test
18629,train
18630,train
18631,train
18632,test
18633,train
18634,train
18635,test
18636,train
18637,train
18638,train
18639,train
18640,test
18641,test
18642,train
18643,train
18644,train
18645,train
18646,train
18647,test
18648,test
18649,test
18650,train
18651,train
18652,train
18653,train
18654,test
18655,train
18656,test
18657,test
18658,test
18659,train
18660,test
18661,train
18662,train
18663,train
18664,train
18665,train
18666,train
18667,train
18668,train
18669,train
18670,train
18671,test
18672,test
18673,train
18674,train
18675,train
18676,train
18677,train
18678,train
18679,train
18680,test
18681,train
18682,train
18683,train
18684,train
18685,train
18686,train
18687,train
18688,test
18689,train
18690,train
18691,train
18692,train
18693,train
18694,train
18695,test
18696,test
18697,train
18698,test
18699,test
18700,train
18701,train
18702,train
18703,train
18704,train
18705,train
18706,train
18707,train
18708,train
18709,train
18710,train
18711,train
18712,train
18713,train
18714,train
18715,train
18716,train
18717,train
18718,train
18719,train
18720,test
18721,train
18722,train
18723,train
18724,train
18725,train
18726,train
18727,train
18728,train
18729,train
18730,train
18731,train
18732,train
18733,train
18734,train
18735,train
18736,train
18737,train
18738,train
18739,train
18740,train
18741,test
18742,train
18743,train
18744,train
18745,train
18746,train
18747,train
18748,train
18749,train
18750,train
18751,test
18752,train
18753,train
18754,train
18755,train
18756,train
18757,test
18758,train
18759,train
18760,train
18761,train
18762,test
18763,test
18764,train
18765,train
18766,train
18767,train
18768,test
18769,train
18770,test
18771,train
18772,test
18773,train
18774,train
18775,train
18776,train
18777,train
18778,train
18779,train
18780,test
18781,train
18782,train
18783,train
18784,train
18785,train
18786,train
18787,test
18788,test
18789,train
18790,train
18791,train
18792,train
18793,train
18794,train
18795,test
18796,test
18797,train
18798,train
18799,test
18800,train
18801,train
18802,train
18803,train
18804,train
18805,train
18806,train
18807,train
18808,test
18809,train
18810,train
18811,train
18812,train
18813,train
18814,train
18815,train
18816,train
18817,train
18818,train
18819,train
18820,train
18821,test
18822,test
18823,train
18824,train
18825,train
18826,train
18827,train
18828,train
18829,train
18830,train
18831,test
18832,test
18833,train
18834,train
18835,train
18836,train
18837,train
18838,test
18839,train
18840,train
18841,train
18842,test
18843,test
18844,train
18845,train
18846,train
18847,train
18848,train
18849,train
18850,train
18851,train
18852,train
18853,train
18854,train
18855,train
18856,train
18857,train
18858,train
18859,train
18860,train
18861,train
18862,test
18863,train
18864,train
18865,train
18866,train
18867,train
18868,test
18869,train
18870,train
18871,train
18872,train
18873,train
18874,train
18875,train
18876,train
18877,train
18878,train
18879,train
18880,train
18881,test
18882,train
18883,train
18884,train
18885,train
18886,test
18887,train
18888,train
18889,train
18890,test
18891,test
18892,train
18893,train
18894,train
18895,train
18896,train
18897,train
18898,train
18899,train
18900,test
18901,train
18902,train
18903,train
18904,train
18905,test
18906,train
18907,train
18908,train
18909,test
18910,train
18911,train
18912,train
18913,test
18914,train
18915,train
18916,train
18917,train
18918,test
18919,train
18920,train
18921,train
18922,test
18923,test
18924,train
18925,train
18926,train
18927,train
18928,test
18929,train
18930,train
18931,train
18932,train
18933,train
18934,train
18935,train
18936,train
18937,train
18938,test
18939,test
18940,train
18941,train
18942,train
18943,train
18944,train
18945,train
18946,test
18947,train
18948,train
18949,test
18950,train
18951,train
18952,train
18953,train
18954,train
18955,train
18956,train
18957,train
18958,train
18959,test
18960,train
18961,train
18962,test
18963,train
18964,train
18965,train
18966,train
18967,train
18968,train
18969,train
18970,train
18971,train
18972,train
18973,test
18974,test
18975,train
18976,test
18977,train
18978,train
18979,test
18980,train
18981,test
18982,train
18983,train
18984,train
18985,train
18986,train
18987,train
18988,train
18989,train
18990,test
18991,train
18992,train
18993,test
18994,train
18995,train
18996,test
18997,train
18998,train
18999,train
19000,test
19001,train
19002,train
19003,train
19004,train
19005,train
19006,test
19007,test
19008,train
19009,train
19010,train
19011,train
19012,train
19013,train
19014,train
19015,train
19016,train
19017,train
19018,test
19019,test
19020,train
19021,train
19022,train
19023,train
19024,train
19025,train
19026,train
19027,train
19028,test
19029,train
19030,train
19031,train
19032,test
19033,train
19034,train
19035,train
19036,train
19037,train
19038,train
19039,train
19040,train
19041,train
19042,train
19043,train
19044,test
19045,train
19046,train
19047,train
19048,train
19049,test
19050,train
19051,train
19052,train
19053,train
19054,train
19055,train
19056,test
19057,train
19058,train
19059,train
19060,test
19061,train
19062,train
19063,train
19064,train
19065,train
19066,train
19067,train
19068,train
19069,test
19070,train
19071,train
19072,train
19073,train
19074,train
19075,train
19076,test
19077,train
19078,train
19079,train
19080,train
19081,train
19082,train
19083,train
19084,train
19085,train
19086,train
19087,train
19088,train
19089,train
19090,train
19091,train
19092,train
19093,train
19094,train
19095,train
19096,train
19097,train
19098,train
19099,train
19100,train
19101,train
19102,test
19103,train
19104,train
19105,test
19106,train
19107,train
19108,test
19109,train
19110,train
19111,train
19112,train
19113,train
19114,train
19115,train
19116,train
19117,train
19118,test
19119,test
19120,test
19121,train
19122,train
19123,train
19124,train
19125,train
19126,train
19127,test
19128,train
19129,train
19130,train
19131,train
19132,train
19133,train
19134,test
19135,train
19136,train
19137,train
19138,train
19139,test
19140,train
19141,train
19142,train
19143,train
19144,train
19145,train
19146,train
19147,train
19148,train
19149,test
19150,train
19151,train
19152,train
19153,train
19154,test
19155,train
19156,train
19157,test
19158,test
19159,test
19160,train
19161,train
19162,train
19163,train
19164,train
19165,train
19166,train
19167,train
19168,train
19169,train
19170,train
19171,test
19172,train
19173,train
19174,train
19175,train
19176,train
19177,train
19178,train
19179,test
19180,train
19181,train
19182,train
19183,test
19184,train
19185,test
19186,train
19187,train
19188,train
19189,train
19190,test
19191,train
19192,test
19193,train
19194,train
19195,train
19196,train
19197,test
19198,test
19199,test
19200,train
19201,train
19202,train
19203,train
19204,train
19205,train
19206,train
19207,test
19208,train
19209,train
19210,train
19211,train
19212,train
19213,train
19214,train
19215,test
19216,train
19217,train
19218,train
19219,train
19220,train
19221,test
19222,train
19223,train
19224,train
19225,train
19226,train
19227,train
19228,train
19229,test
19230,test
19231,test
19232,train
19233,train
19234,train
19235,train
19236,test
19237,test
19238,train
19239,train
19240,test
19241,test
19242,train
19243,train
19244,test
19245,train
19246,train
19247,train
19248,test
19249,test
19250,train
19251,train
19252,test
19253,train
19254,test
19255,test
19256,test
19257,train
19258,train
19259,train
19260,train
19261,train
19262,train
19263,train
19264,test
19265,train
19266,train
19267,train
19268,train
19269,train
19270,train
19271,test
19272,train
19273,train
19274,train
19275,train
19276,train
19277,train
19278,train
19279,train
19280,train
19281,test
19282,train
19283,test
19284,train
19285,train
19286,train
19287,train
19288,test
19289,train
19290,test
19291,train
19292,train
19293,train
19294,train
19295,train
19296,train
19297,train
19298,test
19299,train
19300,train
19301,test
19302,test
19303,train
19304,train
19305,test
19306,train
19307,train
19308,test
19309,train
19310,train
19311,train
19312,test
19313,train
19314,train
19315,train
19316,train
19317,train
19318,train
19319,train
19320,train
19321,train
19322,train
19323,train
19324,train
19325,test
19326,test
19327,train
19328,train
19329,test
19330,train
19331,train
19332,train
19333,train
19334,train
19335,train
19336,train
19337,test
19338,train
19339,test
19340,test
19341,test
19342,train
19343,train
19344,test
19345,train
19346,train
19347,train
19348,train
19349,train
19350,train
19351,train
19352,test
19353,test
19354,train
19355,train
19356,train
19357,train
19358,train
19359,train
19360,train
19361,test
19362,train
19363,train
19364,train
19365,train
19366,train
19367,test
19368,train
19369,train
19370,test
19371,test
19372,train
19373,train
19374,test
19375,train
19376,train
19377,train
19378,test
19379,train
19380,test
19381,test
19382,test
19383,train
19384,train
19385,train
19386,train
19387,train
19388,train
19389,train
19390,test
19391,train
19392,train
19393,train
19394,test
19395,train
19396,train
19397,train
19398,test
19399,train
19400,train
19401,train
19402,train
19403,train
19404,train
19405,train
19406,train
19407,train
19408,train
19409,train
19410,train
19411,train
19412,train
19413,train
19414,test
19415,train
19416,test
19417,test
19418,test
19419,train
19420,test
19421,test
19422,train
19423,train
19424,train
19425,train
19426,train
19427,test
19428,train
19429,train
19430,train
19431,train
19432,test
19433,train
19434,test
